word,first appearance,num months,term frequency,relative term frequency
-1beta,1996-3,164,2712,2.3657850803224205e-06
-beta1,1995-9,160,1012,8.616240062104701e-07
-flanking,1978-12,347,8601,5.103216172320719e-06
-kappab,1996-3,155,1262,1.100892614810802e-06
-tetraacetic,1972-3,414,2707,1.559995652666123e-06
1-14c,1975-1,382,5348,3.0872888147533167e-06
1-h,1973-3,410,4633,2.6713954613965566e-06
1-methyl-4-phenyl-1,1983-2,308,2080,1.2811076425142221e-06
12-myristate,1979-5,336,7844,4.668955762901265e-06
12-o-tetradecanoylphorbol-13-acetate,1975-6,378,4489,2.5981300043505744e-06
125i-labeled,1975-1,395,9022,5.208212357274574e-06
13-acetate,1978-12,364,9801,5.8152100575416075e-06
13-dibutyrate,1980-1,336,2169,1.2978686758431706e-06
14co2,1975-1,395,3999,2.3085392614432524e-06
15n,1975-3,407,7319,4.22936517794405e-06
1950s,1975-1,385,3052,1.761855920461317e-06
1960s,1975-1,400,4539,2.620269994421336e-06
1970s,1975-2,387,6462,3.7322660335455876e-06
2-dimensional,1975-2,384,3572,2.0630848455315443e-06
2-h,1973-6,416,7215,4.160763550940385e-06
24-h,1973-1,433,26878,1.549642440128423e-05
25-dihydroxyvitamin,1973-4,422,10005,5.769170958410413e-06
25-hydroxyvitamin,1971-7,418,4723,2.72084008637768e-06
2d3,1975-1,411,17866,1.031366902849341e-05
3-h,1973-11,405,3802,2.1930503179094655e-06
3-kinase,1986-9,261,18877,1.2273052162222567e-05
31p,1975-5,408,7226,4.180016294832688e-06
4-aminopyridine,1975-6,395,4305,2.4916350342457613e-06
4-h,1973-4,414,4032,2.324967246807675e-06
40-kda,1983-8,286,1656,1.026443196148196e-06
48-h,1973-6,408,3869,2.2311842243365693e-06
4e-bp1,1995-11,156,1735,1.4890087335614518e-06
5-bisphosphate,1975-1,381,4494,2.594292433339829e-06
5-ht1a,1984-1,296,10677,6.6567030135162005e-06
5-ht1b,1984-6,278,3035,1.9035104852708152e-06
5-ht2,1980-12,329,6309,3.8040615757423716e-06
5-ht2c,1992-11,189,1860,1.4135032784373268e-06
5-ht3,1985-1,275,5622,3.5575269229818665e-06
5-lipoxygenase,1980-11,324,4819,2.9034541550580794e-06
5-trisphosphate,1981-10,312,6479,3.936880031021569e-06
50-kda,1983-8,293,1603,9.935920552086704e-07
51cr,1975-1,387,4102,2.367999012363146e-06
6-bisphosphate,1973-1,414,3294,1.8991450992570226e-06
6-cyano-7-nitroquinoxaline-2,1988-9,237,1252,8.454379320037163e-07
6-h,1973-6,396,2957,1.7052498711199885e-06
6-week,1973-11,409,5678,3.2751551039163455e-06
6b,1971-6,425,3661,2.1089732480850823e-06
7-nitroindazole,1994-4,178,964,7.721761375069862e-07
99mtc,1974-12,416,7393,4.267508063556925e-06
a23187,1973-11,422,15951,9.200774755648049e-06
a431,1981-6,333,3881,2.351092963750873e-06
abacavir,1998-3,131,1328,1.2926502830887573e-06
ablative,1975-3,390,3720,2.149643183761698e-06
abr,1979-12,345,5618,3.3593427405386407e-06
aca,1973-5,398,6037,3.481270219836044e-06
acad,1970-10,431,7957,4.582364294348261e-06
acetabular,1974-9,406,10992,6.343789910396409e-06
acetaminophen,1975-1,415,12411,7.164611346279621e-06
achr,1975-6,382,8665,5.0151028041206785e-06
acta,1973-9,423,4442,2.561956377347288e-06
acupuncture,1974-1,408,14064,8.11320664125428e-06
acyclovir,1979-11,358,8204,4.9024615974971935e-06
adcc,1975-3,401,5759,3.3279019073343063e-06
addresses,1973-3,400,14471,8.344002530081928e-06
adoptively,1973-1,403,2471,1.4246470978336682e-06
adrenomedullin,1993-4,194,4328,3.337418236607586e-06
adriamycin,1972-5,423,14020,8.080217713432178e-06
affymetrix,1999-6,116,3298,3.4848179136834503e-06
afp,1974-10,421,17065,9.84933740133766e-06
age-related,1972-11,426,38949,2.2453852697696974e-05
aggrecan,1991-1,222,4577,3.2840715120441334e-06
aids-related,1983-12,307,3831,2.385462029745008e-06
aii,1972-2,417,12330,7.105241794400729e-06
aiming,1973-9,402,7483,4.315875635229572e-06
alendronate,1991-4,203,5026,3.632208598910583e-06
alfentanil,1981-3,316,4729,2.8581114031737533e-06
algorithm,1972-1,422,66144,3.811420556944831e-05
alloreactive,1976-10,384,3591,2.0983253057129664e-06
alpha-1-antitrypsin,1973-11,391,1812,1.0451886312603766e-06
alpha-actinin,1975-2,380,3900,2.252528246800958e-06
alpha-bungarotoxin,1970-11,430,2843,1.6373284212851027e-06
alpha-subunit,1974-9,394,11093,6.4020798286051095e-06
alpha6,1995-12,163,1952,1.681685803728458e-06
alphab-crystallin,1996-3,151,1660,1.4480837881029567e-06
alphaiibbeta3,1996-2,156,1374,1.1936991761833696e-06
alphavbeta3,1996-2,164,2385,2.0720324128073775e-06
amastigotes,1975-2,382,3304,1.908295724982145e-06
amenorrhoea,1974-1,394,2017,1.1635621299352876e-06
amikacin,1974-2,419,7719,4.453147154590983e-06
aml,1972-12,415,32965,1.900498581288907e-05
amniocentesis,1971-4,421,6363,3.6652442824975713e-06
amplatzer,1997-8,138,1278,1.2019085246532044e-06
amplicor,1993-5,184,2189,1.6932514793960995e-06
amylin,1988-10,232,3388,2.2918010169904895e-06
anaesthetised,1975-1,409,3610,2.083977677872003e-06
anandamide,1992-12,191,4845,3.692420227497776e-06
anchor,1975-2,383,10979,6.341155800417364e-06
anchorage,1974-12,411,4681,2.7020431821330946e-06
angiographically,1971-3,421,7453,4.292949782633258e-06
angioplasty,1975-2,390,41377,2.38981695558675e-05
angiopoietin,1998-3,128,688,6.696862912387538e-07
angiotensin-converting,1974-5,399,14558,8.40002317801697e-06
annexin,1989-4,242,12792,8.753993438943507e-06
anovulatory,1975-1,405,2341,1.3514104553735068e-06
antagonised,1975-4,388,1844,1.066157736772105e-06
anterograde,1972-1,416,8599,4.9550080686333765e-06
anthracycline,1975-3,385,4405,2.5454780173307204e-06
anti-apoptotic,1992-9,188,8571,6.475482387078884e-06
anti-cd28,1987-7,248,1527,1.0079157431864192e-06
anti-cd3,1985-9,289,9088,5.810219637516124e-06
anti-cd4,1986-3,270,2905,1.8727105187223121e-06
anti-hbc,1975-7,389,4197,2.4305685127722893e-06
anti-hbs,1975-1,415,5688,3.2835637207024807e-06
anti-hcv,1988-10,245,9053,6.1238708992960155e-06
anti-hiv,1986-8,279,5311,3.4481865896803227e-06
anti-hiv-1,1988-3,256,2039,1.3630594098013857e-06
anti-tnf,1986-2,272,2886,1.8578995542854549e-06
anti-tnf-alpha,1988-9,244,2160,1.458583013680533e-06
antiapoptotic,1993-8,180,8237,6.4292769976495e-06
antibody-dependent,1972-8,419,4056,2.3379276164502335e-06
anticardiolipin,1983-11,290,3840,2.388355618456605e-06
antidepressants,1970-8,428,18342,1.0562305757220508e-05
antigen-presenting,1976-12,371,11231,6.570997483502794e-06
antipsychotic,1972-12,424,17062,9.836586316988118e-06
antireflux,1975-1,390,3917,2.2612023723613953e-06
antithrombotic,1974-9,390,8843,5.103542046728115e-06
anxiolytic,1974-7,404,6563,3.7872803142119332e-06
aortocoronary,1975-1,397,1849,1.067389120882364e-06
apaf-1,1997-8,143,1632,1.5348315432191154e-06
apgar,1974-2,420,6564,3.786819267098745e-06
apomorphine-induced,1974-7,385,1746,1.007556213410641e-06
aquaporin,1993-8,186,1808,1.4112095194549345e-06
arachnoid,1974-5,409,4127,2.381295209209784e-06
archaea,1990-6,220,5509,3.8878234342524365e-06
archaeal,1990-8,214,4889,3.466324051387709e-06
archaeon,1991-1,215,2164,1.5527049928039119e-06
arg-gly-asp,1985-1,279,1365,8.637538687069099e-07
aromatase,1976-2,376,16727,9.726674961703624e-06
arteriole,1975-3,383,2537,1.466033536882642e-06
arthroplasties,1975-1,392,4890,2.8228949708570905e-06
arthroscopy,1975-2,378,7148,4.128479976444423e-06
ast,1975-1,383,10398,6.002548447233543e-06
astroglial,1975-1,381,4526,2.612765365664456e-06
atenolol,1975-5,407,9528,5.511651710097683e-06
atherectomy,1988-1,252,3081,2.053109370736152e-06
athymic,1973-7,422,8122,4.684009523155379e-06
atlas,1975-1,390,4453,2.5706239887989005e-06
atorvastatin,1994-11,166,8384,6.879759119939244e-06
attentional,1973-7,408,14085,8.122909890869677e-06
attitudinal,1975-3,383,1911,1.1042925064969367e-06
auc,1975-3,397,34460,1.991309250334089e-05
audit,1975-2,407,15283,8.827022870733087e-06
autocrine,1982-12,312,16780,1.031547503152578e-05
autoreceptor,1980-8,321,1645,9.8891105300732e-07
avm,1975-4,382,5982,3.458652701394106e-06
azithromycin,1987-12,249,7325,4.872613165324886e-06
azt,1985-9,279,7878,5.0366318556725385e-06
aztreonam,1983-3,312,2839,1.750305291713833e-06
b-cell,1973-2,428,42574,2.454705810078722e-05
b-cells,1972-7,423,5954,3.4317973754134726e-06
b-lymphocyte,1973-8,409,1977,1.1402008208195553e-06
b-lymphocytes,1973-9,418,2897,1.6708661920700345e-06
b-mode,1975-1,390,4004,2.3114256571189753e-06
b16,1972-1,415,6496,3.743194838218678e-06
b27,1975-8,374,2339,1.3553122322834624e-06
b7-1,1993-11,182,3096,2.4396498859079134e-06
b7-2,1993-11,180,2124,1.6737132938205452e-06
ba2+,1974-1,408,6635,3.827582911314147e-06
baclofen,1974-1,393,8632,4.979607489142986e-06
bacteriorhodopsin,1973-10,401,3393,1.957033448871078e-06
bafilomycin,1988-8,238,1761,1.187130799961781e-06
bamhi,1975-10,388,4012,2.3273985108322783e-06
baroreflex,1974-12,392,10852,6.2641684709481605e-06
bbb,1975-1,382,12945,7.472878404446838e-06
bcl-2,1984-11,272,53669,3.3871367447072486e-05
bcl-x,1993-8,182,6241,4.871326665330888e-06
bcl-xl,1993-8,184,6657,5.196029740603705e-06
bcr-abl,1986-5,269,7477,4.834075714049328e-06
beclomethasone,1975-4,387,2691,1.5558733566451921e-06
beta-amyloid,1987-12,254,7839,5.214527590850756e-06
beta-catenin,1992-2,202,23772,1.7618316515309255e-05
beta-endorphin,1976-8,396,11208,6.541044395567594e-06
beta-estradiol,1975-2,403,6627,3.827565305525628e-06
bfgf,1985-9,279,23927,1.5297218889397923e-05
bhlh,1990-11,219,3452,2.464915308066329e-06
biacore,1992-2,202,1115,8.263681185667937e-07
bicuculline,1970-12,426,8702,5.011831545110264e-06
bioavailability,1974-11,421,32097,1.8526542017780842e-05
biochem,1970-5,447,10295,5.927768986199984e-06
biochim,1974-2,410,2475,1.427845473197653e-06
biofeedback,1975-2,406,5062,2.923666150078577e-06
biol,1970-5,433,26453,1.5231400970563204e-05
biophys,1970-12,427,6345,3.6543405141030366e-06
biopsy-proven,1975-1,395,4416,2.5492646607985505e-06
biosensor,1987-1,250,7716,5.046688923253756e-06
bioterrorism,1999-2,120,1324,1.367235445251773e-06
biphenyls,1972-1,420,5110,2.9445390429952966e-06
bisindolylmaleimide,1993-1,190,1389,1.0617460323762339e-06
blastic,1971-5,422,2554,1.4712144324154231e-06
bleomycin,1971-10,423,12389,7.1379185070613804e-06
blocker,1970-11,431,32735,1.8852601431856434e-05
bm,1973-9,406,29184,1.6832088004615772e-05
bmax,1976-8,367,11664,6.807168257485762e-06
bmp-2,1990-8,212,5599,3.969717399001796e-06
body-weight,1973-4,399,1806,1.041391579299271e-06
bosentan,1994-3,184,2873,2.2935409701546105e-06
bq-123,1992-1,205,2108,1.5584143788406764e-06
brca1,1993-1,200,14678,1.1219804365168006e-05
brca2,1994-9,178,6605,5.381363717915868e-06
bromocriptine,1975-2,410,8819,5.093601694496833e-06
bupivacaine,1974-7,411,16693,9.632952961319489e-06
burgdorferi,1984-11,295,10498,6.6254563241231805e-06
burkholderia,1994-1,189,3651,2.8959803663223524e-06
bzip,1990-7,219,1798,1.2720291105008038e-06
c-fos,1983-4,305,29626,1.8283952294676374e-05
c-jun,1987-12,258,23673,1.574735446590253e-05
c-kit,1987-11,248,10537,6.998520934299343e-06
c-myb,1982-6,307,4149,2.537539781899208e-06
c-myc,1981-4,330,30175,1.825180251837833e-05
c282y,1997-4,146,2584,2.3856225589225645e-06
c677t,1996-8,152,2386,2.125191917032593e-06
ca1,1975-1,399,22964,1.3256638059460578e-05
ca19-9,1985-4,273,2394,1.5206649235307092e-06
caat,1982-4,302,1714,1.0464949685709445e-06
cacl2,1975-1,415,6132,3.5398756567066825e-06
calbindin,1986-7,270,3953,2.563040745998938e-06
calcium-channel,1980-11,319,1675,1.0091898131816316e-06
calmodulin,1979-4,367,27112,1.612709126295249e-05
calmodulin-binding,1979-11,328,1696,1.0134781654504193e-06
calmodulin-dependent,1980-4,352,6263,3.754881996340311e-06
calnexin,1991-10,200,1839,1.3488410822333053e-06
calpain,1981-12,312,10758,6.546745156116477e-06
calreticulin,1989-12,223,2939,2.046070299074089e-06
campylobacter,1974-5,407,13794,7.959192177329722e-06
capd,1979-2,355,6908,4.10392420250184e-06
capecitabine,1998-2,133,3831,3.710287682496688e-06
captopril,1978-9,371,19193,1.136620614654226e-05
carbamazepine,1974-11,415,11306,6.52587731105805e-06
carboplatin,1983-9,293,13015,8.07572101304562e-06
cardioplegia,1975-6,386,6951,4.023079006513887e-06
cardiothoracic,1975-4,384,2880,1.6651487428978646e-06
caspase,1996-12,157,24600,2.2301036442028464e-05
caspase-1,1997-1,154,2754,2.508772838830801e-06
caspase-2,1997-2,141,1097,1.0036164646872826e-06
caspase-3,1997-3,154,23943,2.2003891059541337e-05
caspase-7,1997-6,142,678,6.317463333703709e-07
caspase-8,1997-2,153,6124,5.602686626932469e-06
caspase-9,1997-11,141,4518,4.311522847992049e-06
caspase-dependent,1997-5,145,1869,1.7337483993172542e-06
caspase-mediated,1997-6,143,652,6.075200727986458e-07
caspases,1996-12,156,9405,8.52606698119015e-06
catecholaminergic,1973-4,414,4261,2.457015237759797e-06
catheterisation,1975-1,414,3097,1.7878334815428239e-06
caveolin-1,1996-1,155,5206,4.505346782604084e-06
cck-8,1977-10,349,5593,3.291750006610279e-06
ccl4,1974-11,413,7666,4.424851889843535e-06
ccr5,1996-6,160,10347,9.138922386126371e-06
cd10,1985-9,277,3682,2.3540084402876727e-06
cd11a,1987-6,259,3011,1.9841066755698736e-06
cd11b,1987-4,269,9290,6.1031676048872205e-06
cd11c,1987-6,259,3287,2.1659776295576803e-06
cd13,1987-4,259,2116,1.3901294566137092e-06
cd14,1987-4,265,10332,6.787720957340663e-06
cd14+,1988-3,243,1551,1.0368343033849676e-06
cd154,1997-7,146,1873,1.7538296269785104e-06
cd16,1985-12,277,4056,2.6037315144531172e-06
cd18,1986-11,270,7785,5.076399244586669e-06
cd19+,1987-4,257,1923,1.2633359853819295e-06
cd2+,1975-1,406,7494,4.3261298387736265e-06
cd20,1985-3,271,4830,3.0640643363986677e-06
cd23,1986-4,273,4003,2.584200578803345e-06
cd25+,1987-10,242,2150,1.4256523622585862e-06
cd28,1987-12,260,10120,6.731856004517113e-06
cd29,1988-9,237,1162,7.846636397670274e-07
cd3+,1985-12,288,7461,4.789556417488833e-06
cd3-,1985-12,271,1811,1.1625635534207582e-06
cd30,1987-8,254,3398,2.2461187532305104e-06
cd33,1987-9,252,1858,1.2300827873323222e-06
cd34,1987-9,256,17889,1.1843353596656573e-05
cd34+,1987-11,249,16903,1.122672481279888e-05
cd38,1987-8,254,5357,3.541041248103544e-06
cd4+,1985-8,292,59465,3.796876172406834e-05
cd4-,1986-9,272,2541,1.6520541158132936e-06
cd4-positive,1985-10,264,1255,8.034547118555162e-07
cd40l,1993-2,198,5285,4.050988918331637e-06
cd44,1988-9,249,13702,9.25254835807901e-06
cd45,1987-4,269,8094,5.317442259844689e-06
cd45ra,1989-10,242,2510,1.7397417450139665e-06
cd45ra+,1989-9,225,1280,8.852295148256483e-07
cd45ro,1989-11,239,2448,1.700549790109017e-06
cd45ro+,1990-1,220,1424,9.937128042097181e-07
cd56,1989-11,239,4515,3.136430679061361e-06
cd56+,1989-11,234,2263,1.5720360192061704e-06
cd57,1989-10,229,983,6.813410897803702e-07
cd59,1989-9,233,3288,2.2739333162083838e-06
cd62l,1994-6,184,2127,1.715274821307677e-06
cd62p,1994-11,168,1173,9.625426345048585e-07
cd68,1989-9,235,3486,2.4108672567829764e-06
cd69,1989-7,229,3406,2.345948982786603e-06
cd71,1989-11,232,1103,7.662199421937279e-07
cd8+,1985-8,290,40529,2.5878011332965035e-05
cd8-,1985-12,275,2128,1.3660603211923653e-06
cd86,1994-9,182,5641,4.59595347960082e-06
cd8alpha,1996-2,151,1171,1.0173375075041673e-06
cdk2,1991-9,216,7359,5.383828189887695e-06
cdk4,1992-10,198,5440,4.1219257202344236e-06
cdk6,1994-3,181,1344,1.0729269279108237e-06
cdkn2a,1995-10,159,2403,2.053914385935344e-06
cdks,1992-10,195,2486,1.8836594375924222e-06
cdna,1973-6,423,163616,9.435446835075011e-05
cea,1971-2,425,29065,1.6740943368798977e-05
cefazolin,1972-10,427,4129,2.3802220690120397e-06
cefoperazone,1979-8,333,2382,1.420558730164054e-06
cefotaxime,1979-4,365,6865,4.083523219244941e-06
cefoxitin,1974-1,407,4205,2.4257703303807065e-06
ceftazidime,1981-3,339,8185,4.9468475015811316e-06
ceftriaxone,1981-3,338,7772,4.6972387027841845e-06
cefuroxime,1976-1,385,4062,2.360680495896819e-06
celecoxib,1997-4,140,7025,6.485680524934604e-06
cement,1971-6,422,24099,1.3882585715816006e-05
cemented,1975-1,380,5985,3.4550156238404265e-06
cements,1975-1,380,5442,3.141553053456909e-06
cephalometric,1975-3,405,4719,2.7269263935944765e-06
cerebellopontine,1975-3,379,2018,1.1661236410836308e-06
cftr,1990-4,233,15539,1.091690075728227e-05
cfu-gm,1979-10,333,7038,4.2027237232611405e-06
cgrp,1982-7,307,20011,1.2249662242390983e-05
cgy,1979-2,345,8754,5.200601110118863e-06
ch3,1975-1,401,4557,2.6306610188539387e-06
chaperonin,1988-10,233,2137,1.4455663439517933e-06
chaps,1982-4,304,1596,9.7444922394354e-07
characterisation,1975-1,387,6564,3.7892602430891495e-06
charybdotoxin,1986-11,264,2320,1.5128126200951923e-06
chem,1970-4,432,25777,1.4841636465656094e-05
chemoattractant,1975-12,375,10441,6.064102955716206e-06
chemokine,1992-7,206,24896,1.8708079443225132e-05
chemokines,1993-2,202,19861,1.5223593359883562e-05
chernobyl,1986-7,276,2094,1.3577048626667786e-06
chf,1974-8,388,25691,1.4826208110157211e-05
cholangiopancreatography,1975-1,396,3963,2.2877572125780468e-06
chorea,1974-4,411,2939,1.695722001551067e-06
chromatin-remodeling,1998-7,125,578,5.746303766653206e-07
chromatofocusing,1981-12,305,1767,1.075301979072115e-06
cic,1977-6,355,3844,2.257613137676214e-06
cidofovir,1995-4,165,2056,1.7181457320998031e-06
cimetidine,1975-8,404,15345,8.89152039520724e-06
cip1,1993-11,189,6922,5.454540216490497e-06
ciprofloxacin,1983-4,315,21866,1.349479851736291e-05
circuitry,1973-2,414,8047,4.6396903400440355e-06
cisapride,1985-1,273,3942,2.4944452384195157e-06
cisplatin,1979-1,354,47903,2.8441141255584663e-05
cisplatin-based,1982-12,296,2263,1.391175208363697e-06
ck-mb,1975-4,384,5375,3.1076994767625077e-06
clarithromycin,1988-10,247,9424,6.37483258090861e-06
clavulanic,1977-5,363,3355,1.969263797561541e-06
clean-up,1975-2,378,3190,1.842452591614117e-06
client,1975-1,413,10084,5.821282798798139e-06
clin,1971-12,417,2969,1.710742896216182e-06
clinicopathologic,1975-1,417,11088,6.400871050483317e-06
cll,1971-11,423,14950,8.61382245385173e-06
clomipramine,1975-7,381,3207,1.8572392710175677e-06
clonazepam,1975-3,407,3035,1.7538083501926757e-06
clonidine,1971-4,430,24652,1.4200157481082843e-05
clonogenic,1975-6,397,8265,4.783591999544998e-06
cm-1,1975-1,406,7956,4.592832799210432e-06
cm3,1974-4,419,9464,5.460467173419291e-06
cmh2o,1975-1,410,6690,3.861997414117369e-06
cmi,1974-1,406,3692,2.1298321188503133e-06
cnbr,1973-8,401,2616,1.5087331043317939e-06
cnqx,1988-4,254,2855,1.9117068386916234e-06
co-localization,1982-7,300,3659,2.2398437931591927e-06
co-localized,1982-12,297,4134,2.5413691168252427e-06
co2+,1975-1,415,4867,2.8096175507487645e-06
coactivator,1991-5,205,5446,3.945485231998426e-06
cocultured,1975-6,377,4745,2.7462969192790095e-06
cognition,1975-1,390,15256,8.806970485766006e-06
cohorts,1974-12,415,22910,1.322448393562683e-05
colocalization,1981-9,308,7509,4.559216602507052e-06
colocalized,1982-3,303,8499,5.184609192055887e-06
colonoscopy,1973-2,413,15185,8.755274986152438e-06
colony-stimulating,1971-10,421,18168,1.0467487564475838e-05
complain,1975-1,390,2529,1.4599389327806916e-06
computerised,1975-3,403,4124,2.3830990564067855e-06
conjugative,1973-11,397,3212,1.8527295163401375e-06
constellation,1973-11,412,3410,1.9669388700871325e-06
consumers,1972-6,411,12473,7.18892017916396e-06
convertase,1975-3,378,2593,1.4983937568532482e-06
cooh-terminal,1971-2,429,7655,4.409149199661317e-06
correlational,1975-2,388,3320,1.9175368665074824e-06
cos-7,1983-8,290,6744,4.180152726342654e-06
cost-effective,1975-2,400,21378,1.2347320220541251e-05
cosy,1983-6,301,1933,1.1954735699492673e-06
cotransfection,1979-11,326,4692,2.803796905833353e-06
cox-1,1992-8,195,7519,5.66509454654778e-06
cox-2,1992-8,196,43342,3.2655476504385406e-05
cpap,1975-1,384,9972,5.756627535661944e-06
cpb,1975-1,383,19510,1.1262715926671131e-05
cpr,1975-6,382,13865,8.024743263604524e-06
crosslinked,1972-5,417,5277,3.0413201764466192e-06
cryopreserved,1975-2,397,8560,4.9440107160554365e-06
cryosurgery,1974-8,388,2640,1.5235370133827035e-06
csa,1975-2,408,44439,2.5666693015278916e-05
ctl,1975-3,405,39551,2.2854983215311537e-05
culture-positive,1975-2,381,3078,1.7777646009367563e-06
cx43,1989-12,222,8090,5.632088710278795e-06
cxcr2,1996-12,152,1918,1.7387556055207558e-06
cxcr3,1997-3,142,2806,2.5787461184092632e-06
cxcr4,1996-11,157,10427,9.411414233585323e-06
cyclin-dependent,1991-9,215,9866,7.217943867567875e-06
cyclo-oxygenase,1974-9,393,3449,1.990514137641668e-06
cyclooxygenase,1975-8,393,18666,1.0815843577513088e-05
cyclooxygenase-2,1993-5,189,7630,5.902014064774892e-06
cyclosporin,1976-7,366,19098,1.113874466843342e-05
cyclosporine,1982-5,326,25789,1.575954929475861e-05
cyp1a,1991-7,213,2641,1.922853086803094e-06
cyp1a1,1989-4,235,8766,5.99886698606776e-06
cyp1a2,1989-7,226,6032,4.154657740507572e-06
cyp2c19,1993-10,183,3445,2.705809334390453e-06
cyp2d6,1989-12,222,7359,5.123181807038523e-06
cyp2e1,1990-9,222,6828,4.852161955339517e-06
cyp3a,1990-3,216,5198,3.6433774303915602e-06
cytochalasin,1970-6,451,10883,6.266565119022087e-06
cytokeratin,1979-8,332,12050,7.186285767622523e-06
cytokeratins,1980-12,325,4001,2.4124346749952813e-06
cytokine-mediated,1988-6,241,1305,8.767581765243105e-07
cytometry,1976-1,387,52858,3.071906687644364e-05
cytoskeletal,1975-7,398,22811,1.3210316498653488e-05
cytoskeleton,1975-2,392,27275,1.575325844397337e-05
cytosolic,1971-3,430,64316,3.704620397421718e-05
cytostatic,1975-1,420,7249,4.1846964506632e-06
damgo,1989-2,243,2935,2.000115923584167e-06
dantrolene,1974-9,396,2946,1.7002188024042777e-06
dawley,1974-3,388,2823,1.6287045690255242e-06
day-1,1975-3,379,5220,3.0164347901172216e-06
dec,1974-6,386,3665,2.1148370493615993e-06
decorin,1988-11,234,4122,2.793262244876966e-06
deglycosylated,1979-5,332,2065,1.2291424847515441e-06
delta-opioid,1982-6,303,3044,1.8617187505666883e-06
delusions,1975-2,392,3435,1.983957571220844e-06
demented,1975-1,392,4748,2.7409213336665574e-06
dentition,1975-1,411,6737,3.889129533469166e-06
derivatized,1971-9,415,5716,3.2931313113267028e-06
desflurane,1990-1,222,4152,2.8973985695777732e-06
desmin,1976-12,360,7961,4.6577963641853575e-06
desmosomes,1971-11,417,3285,1.8927362381874872e-06
detachments,1974-3,401,2306,1.330426048945398e-06
dfmo,1980-8,320,3970,2.386612085373289e-06
dht,1971-8,422,10018,5.77143932836568e-06
diacylglycerol,1973-7,405,10027,5.782635248544569e-06
diagnostics,1971-9,422,12294,7.082882495005334e-06
dichotic,1975-1,393,2277,1.3144645907242525e-06
didanosine,1991-2,215,2111,1.5182156342464371e-06
digoxigenin-labeled,1989-11,224,1129,7.84281337023317e-07
diltiazem,1975-6,378,14482,8.381848679662511e-06
dipalmitoylphosphatidylcholine,1975-1,391,2037,1.1759175982895486e-06
dipropionate,1975-1,395,2139,1.2348000700742978e-06
disintegrin,1991-12,199,1691,1.246645098158299e-06
dislocations,1972-10,411,5088,2.933051559005391e-06
dismutase,1971-5,435,31166,1.7952963586788987e-05
disruptions,1974-6,390,4470,2.5793510533823596e-06
dissatisfaction,1975-1,395,6635,3.830247061684416e-06
dizocilpine,1989-8,230,2456,1.6950082256209437e-06
dm,1971-11,413,40337,2.3241187713780416e-05
dmd,1975-1,386,7462,4.307656906449e-06
dna-pkcs,1995-3,162,1607,1.3378994439906371e-06
dobutamine,1974-5,394,13855,7.99438941691339e-06
docetaxel,1993-8,190,11579,9.037829107172945e-06
domperidone,1978-9,349,2491,1.47518467728009e-06
donepezil,1997-3,142,2979,2.7377350986248025e-06
donovani,1974-4,387,4031,2.32577590617637e-06
dose-dependently,1975-3,409,18949,1.0949889432553875e-05
dot-blot,1982-2,310,2149,1.3098913239611477e-06
down-regulation,1978-2,362,32218,1.900275807061639e-05
doxorubicin,1975-3,405,27967,1.6161040569963282e-05
dqb1,1988-5,244,2004,1.344204212405451e-06
dr3,1980-11,339,3013,1.815336660964929e-06
dr4,1980-5,341,4424,2.654178297017686e-06
drb1,1988-5,248,2433,1.631960503384462e-06
drug-related,1972-1,415,5636,3.247636408282092e-06
dsm-iii-r,1986-4,273,5891,3.803029130584688e-06
dth,1975-1,409,8379,4.837021873376597e-06
dtmax,1975-1,379,2917,1.683923237216796e-06
duplications,1971-10,419,6999,4.032471678983179e-06
dutp-biotin,1994-9,173,855,6.966034790034925e-07
dvt,1975-2,382,13701,7.913305002415367e-06
dxa,1990-9,217,6953,4.940990344973003e-06
dynorphin,1979-12,347,5748,3.4370776206151846e-06
dysarthria,1975-2,385,2611,1.5080387826659749e-06
dyskinesia,1975-1,416,7934,4.580132658237251e-06
dystrophin,1987-12,261,8497,5.6522312717768684e-06
e-box,1990-8,211,1967,1.394612274305507e-06
e-selectin,1991-11,214,9075,6.673816570881808e-06
e2f-1,1993-3,191,2259,1.73669024944162e-06
e2f1,1993-3,184,2962,2.277147640038105e-06
ebpalpha,1995-10,160,2963,2.532562765512453e-06
ebpbeta,1995-10,159,3269,2.794109915781373e-06
ec50,1975-2,380,17914,1.0346613080305734e-05
echocardiogram,1975-1,415,5771,3.3314778889194823e-06
echocardiograms,1975-1,415,4389,2.533678124149646e-06
echocardiographic,1975-1,419,26388,1.5233241818195686e-05
echocardiographically,1975-1,389,1696,9.790654132052404e-07
echogenic,1975-9,373,3416,1.980440086091029e-06
echogenicity,1977-11,353,3316,1.9526778073020516e-06
echographic,1974-1,401,1818,1.0487634864761294e-06
echography,1973-6,403,2597,1.4976442053766015e-06
ecori,1974-4,420,7563,4.363642564726342e-06
ect,1973-11,410,10429,6.015602778926306e-06
eegs,1974-12,411,3496,2.0180181509799824e-06
efavirenz,1998-6,131,2264,2.23829401248225e-06
egr-1,1988-4,237,5789,3.876312045248969e-06
eicosanoid,1981-7,317,4002,2.4262953626724182e-06
eicosanoids,1981-7,324,4588,2.78156999598727e-06
eif4e,1995-4,164,3390,2.8329348403785663e-06
electrogram,1974-11,395,2459,1.4193465688918931e-06
electroporated,1986-12,251,977,6.379956639411583e-07
electroporation,1984-5,283,6198,3.882677252953874e-06
electrospray,1988-3,238,12006,8.025939810728511e-06
elisa,1972-11,404,94511,5.448499505281364e-05
embo,1983-8,300,1404,8.702453184734706e-07
embolisation,1975-2,382,2571,1.4849359288526317e-06
enalapril,1982-4,324,10757,6.567763347093144e-06
end-expiratory,1971-3,421,5215,3.0038552417056813e-06
endocervical,1974-6,403,4483,2.5868525217702725e-06
endocytic,1975-4,384,10192,5.892776384588554e-06
endocytosis,1970-12,424,22001,1.2671260149847266e-05
endodontic,1975-1,401,6170,3.5618122638421774e-06
endoleak,1997-5,144,2439,2.262499917568102e-06
endoleaks,1996-9,146,1797,1.6074799309820575e-06
endometritis,1975-1,382,2523,1.456475257969824e-06
endonucleases,1972-11,422,5618,3.23874154549954e-06
endoscopically,1975-1,415,7499,4.32901623444935e-06
endosomal,1983-5,298,7483,4.623104417989946e-06
endostatin,1997-1,141,3355,3.0562573980672977e-06
endothelin,1988-3,258,17248,1.1530185728422902e-05
endothelin-1,1989-5,247,15673,1.0748697923801589e-05
endothelins,1989-1,229,1429,9.718762147177478e-07
endothelium-denuded,1985-3,275,1702,1.0797179090166733e-06
endothelium-dependent,1982-3,311,13479,8.222537627923438e-06
enflurane,1974-7,387,5369,3.0982642095084367e-06
enkephalin,1975-12,396,8715,5.061647089269872e-06
enkephalins,1976-8,364,1970,1.149701771883312e-06
enteral,1975-2,406,12485,7.2109782464897334e-06
enterocolitica,1971-2,423,5963,3.43458611072246e-06
enterocolitis,1971-11,415,4976,2.8670488649074387e-06
env,1974-7,389,12844,7.411828181584347e-06
enzyme-linked,1972-11,412,41576,2.3968301619026143e-05
epi,1974-6,395,8930,5.152931746466325e-06
epirubicin,1984-4,287,4345,2.718529017650686e-06
er-alpha,1996-12,144,2223,2.0152521955540353e-06
eralpha,1996-6,149,11965,1.0568010664927228e-05
erbeta,1996-6,147,7111,6.280745828524657e-06
ercp,1975-1,399,8898,5.136629744516644e-06
erectile,1975-1,392,15044,8.684587309115351e-06
ergometry,1975-2,399,2570,1.484358357507298e-06
erk1,1990-7,217,19036,1.3467378280029644e-05
erk2,1991-5,213,5085,3.6839501293999254e-06
erks,1991-5,205,2183,1.581526673054088e-06
eswl,1984-1,291,5055,3.151600049950772e-06
et-1-induced,1989-6,229,1814,1.2465813451509648e-06
etanercept,1998-9,124,4210,4.228626197703504e-06
etiologies,1971-5,420,9206,5.303054058267966e-06
etoposide,1981-11,328,17940,1.090926417699668e-05
eur,1974-4,413,3726,2.149799311935786e-06
evidence-based,1992-5,195,19005,1.4202095483954308e-05
exocytosis,1971-9,432,16097,9.273886409801599e-06
exon,1979-10,352,67350,4.0217880471957636e-05
exons,1979-7,355,36416,2.1703934913327387e-05
expertise,1973-7,418,11693,6.743428140144774e-06
expressive,1973-10,393,3259,1.8797441821016337e-06
f0,1975-1,382,4775,2.7565078703154615e-06
factor-alpha,1984-8,284,27690,1.7409229465844023e-05
factor-beta,1983-6,294,11516,7.122128107364595e-06
factor-kappab,1996-2,164,5944,5.164008663197925e-06
factorial,1971-3,420,8670,4.993945339518362e-06
fas-mediated,1993-8,185,2943,2.2971181503074513e-06
fasciitis,1975-4,381,4066,2.3508662460495548e-06
fasl,1994-3,184,10669,8.517155799018287e-06
fcepsilonri,1995-12,158,1793,1.5447042244288552e-06
fe2+,1975-1,413,5220,3.013397085454808e-06
febs,1975-1,386,1819,1.050070746828026e-06
fev1,1975-1,418,25216,1.4556670671806215e-05
fgfr1,1992-1,197,2306,1.7047929590164135e-06
fhit,1996-2,162,3736,3.245749725051724e-06
fiberoptic,1974-8,418,5932,3.4233415012826507e-06
fibromuscular,1973-5,400,2047,1.1804141361610705e-06
fibronectin,1976-9,390,44804,2.616309065040659e-05
fibrotic,1974-7,418,10184,5.876834179481081e-06
finasteride,1989-11,221,3303,2.29449181238974e-06
fine-needle,1975-1,389,7572,4.371157611314906e-06
fio2,1975-1,399,5620,3.2443087395126477e-06
first-pass,1975-2,404,4162,2.4038519392783556e-06
first-year,1975-4,383,2670,1.543731647061562e-06
fk506,1987-9,247,8598,5.69227761328488e-06
flag-tagged,1996-5,150,526,4.627420420856638e-07
flt-1,1993-8,183,2509,1.9583654227391763e-06
fluconazole,1985-11,274,11102,7.11737724097333e-06
flumazenil,1987-5,267,4075,2.681299076993159e-06
flunitrazepam,1975-4,385,3631,2.0993594046743563e-06
fluo-3,1989-5,235,1431,9.81393908566329e-07
fluorescence-activated,1975-2,386,4153,2.3986537971703536e-06
fluoroquinolones,1985-6,274,6185,3.938888558599656e-06
fluoxetine,1976-2,383,13372,7.775757612716019e-06
fmlp,1977-5,356,9703,5.695310470265167e-06
fmol,1973-1,412,19862,1.1451372180158768e-05
fmr1,1992-4,198,2216,1.6512337733365139e-06
fmri,1993-8,184,17157,1.3391660246287782e-05
follow-ups,1975-2,385,2943,1.6997924693167229e-06
followed-up,1975-1,408,5743,3.3153140731354337e-06
forskolin,1980-12,336,22340,1.3470080139813691e-05
forskolin-stimulated,1982-8,318,2799,1.7148039742054297e-06
fplc,1983-9,300,1633,1.013265648429005e-06
frc,1972-9,413,5043,2.9069688382935944e-06
freeze-fracture,1972-2,421,3227,1.8595795028816829e-06
fundoplication,1974-10,389,6028,3.47915651070984e-06
fura-2,1985-4,284,7339,4.661720916370875e-06
fvc,1975-2,412,10982,6.3428885144533646e-06
g-protein-coupled,1988-5,244,5366,3.599301299285254e-06
g0,1975-3,409,7048,4.072764827729153e-06
g20210a,1997-8,138,1471,1.3834174020069355e-06
gabaa,1982-4,319,10996,6.713686507821531e-06
gabab,1982-4,305,4175,2.5490761340628315e-06
gabaergic,1976-10,385,17144,1.0017735739666695e-05
gad65,1991-2,210,2557,1.8389755456030978e-06
gadopentetate,1989-1,231,1459,9.92279494242963e-07
galanin,1983-11,288,8501,5.287346643880104e-06
galectin-3,1994-5,177,3231,2.5970076019693333e-06
gamma-interferon,1981-2,319,2470,1.491662056902488e-06
ganciclovir,1986-11,272,7053,4.599080779970427e-06
gata-1,1990-11,223,2972,2.1221692629122624e-06
gatifloxacin,1997-11,135,2335,2.2282881474239563e-06
gbetagamma,1996-2,163,1857,1.6133183189028512e-06
gc-ms,1975-1,393,9349,5.396982634466859e-06
gd-dtpa,1984-3,290,4140,2.58709749290431e-06
gdnf,1993-5,186,7923,6.128657593081451e-06
generalised,1974-9,419,5203,3.002796479602667e-06
genotoxicity,1979-4,345,6617,3.936004827639297e-06
gfap,1978-1,346,12272,7.234442495002973e-06
ghrelin,1999-12,114,16017,1.7550248060215743e-05
ghrh,1984-9,296,9776,6.153751310306508e-06
gi,1975-2,415,32418,1.8723707873023964e-05
gingiva,1975-1,415,5299,3.0590021371312315e-06
gingivitis,1974-10,409,4893,2.824073126559928e-06
gip,1974-8,383,5293,3.0545762923616097e-06
glur1,1990-8,221,2748,1.948344956681003e-06
glur2,1990-8,216,3162,2.2418729086700624e-06
glut-1,1990-1,227,2417,1.6866600054598935e-06
glut1,1990-3,236,5435,3.8094952547476206e-06
glut4,1989-8,238,8876,6.125770769792955e-06
glycated,1984-1,299,5630,3.5100906589956176e-06
glycation,1984-3,291,7772,4.856744375568188e-06
glycoconjugates,1975-12,375,4644,2.6972219257107614e-06
glycophorin,1974-12,391,3140,1.8125220234774443e-06
glycosylase,1978-5,345,3669,2.1677549286797463e-06
glycosylphosphatidylinositol,1987-9,250,1906,1.2618610294162573e-06
gm1,1975-1,415,8864,5.117002253921728e-06
gnrh,1975-4,407,42756,2.4720520712271215e-05
gonadotropin-releasing,1975-4,399,5161,2.9839696743388467e-06
gp41,1985-9,278,4570,2.9217323661365195e-06
gpi-anchored,1988-6,235,1998,1.3423470012992891e-06
gradient-echo,1986-12,258,2710,1.7696706748009612e-06
grb2,1992-2,202,4006,2.9689961282319064e-06
gstm1,1992-11,195,4738,3.6006336200193842e-06
gvhd,1975-8,389,25212,1.4608863617071678e-05
gyrase,1976-11,363,3614,2.113105235905712e-06
h-2d,1972-6,409,3462,1.995353295940482e-06
h-2k,1972-6,412,3475,2.0028459570748623e-06
h-ras,1983-9,296,4275,2.652609091876299e-06
h2-receptor,1975-1,390,3353,1.9356169401398415e-06
h2a,1975-5,402,4464,2.5822851840759927e-06
h2b,1975-7,407,3909,2.2637818242618246e-06
h2o2,1971-12,420,36172,2.0842368488356935e-05
h3n2,1973-12,411,3366,1.9416571494268693e-06
h5,1975-2,380,2970,1.7153868956407295e-06
h63d,1997-4,146,1375,1.2694392486526803e-06
haart,1997-5,144,15173,1.4074994362140555e-05
hallmark,1975-1,395,9790,5.651562733065627e-06
haplotypes,1972-6,422,25264,1.456112237684585e-05
hbeag,1976-1,378,7391,4.2953691642475114e-06
hbs,1973-5,416,4758,2.743727630607901e-06
hbsag,1975-1,419,20704,1.1951987214033784e-05
hbv,1975-2,405,53908,3.1135716084242574e-05
hcv-rna,1990-12,220,3535,2.529945329312803e-06
hdac1,1997-5,140,1692,1.5695571383867276e-06
hdl-cholesterol,1976-1,381,7078,4.1134654234263135e-06
health-care,1975-2,387,8484,4.900115293810084e-06
hearing-impaired,1975-3,381,2551,1.4741235918752935e-06
hek-293,1992-1,198,2065,1.5266250912267537e-06
helicobacter,1989-12,241,22141,1.5414100881864374e-05
henselae,1992-2,195,2126,1.5756579552224246e-06
hepatotoxicity,1974-12,411,9649,5.56975318615728e-06
hepg2,1981-9,312,16092,9.770530505732252e-06
herceptin,1999-2,125,1187,1.2257616869439989e-06
herg,1995-3,170,4173,3.474209321576185e-06
heterodimerization,1989-7,231,2144,1.4767218494111792e-06
hg2+,1975-2,396,2532,1.462410646384622e-06
hgcl2,1974-2,390,3059,1.7647593141461094e-06
hhv-6,1988-5,251,5751,3.857544124522828e-06
hhv-8,1995-12,164,4580,3.945758699321894e-06
hif-1alpha,1996-4,156,10530,9.224437607523337e-06
highlighted,1972-5,415,18421,1.0616668366557357e-05
hindiii,1974-11,403,4324,2.4958334948713077e-06
histiocytoma,1975-3,405,3092,1.7867464312341855e-06
histomorphometric,1975-12,371,3849,2.235488198118157e-06
hiv+,1987-4,251,3585,2.355205152155079e-06
hiv-1,1987-1,272,100620,6.581102118426555e-05
hiv-1-infected,1988-2,258,6951,4.639154623464757e-06
hiv-2,1987-5,270,6493,4.272312860593026e-06
hiv-associated,1987-2,266,2769,1.8136612209950376e-06
hiv-infected,1986-9,277,28906,1.879349715533218e-05
hiv-negative,1987-9,257,4904,3.246677066242039e-06
hiv-positive,1986-10,270,12809,8.339855531382714e-06
hiv-related,1986-11,273,3584,2.3370346682849866e-06
hiv-seronegative,1986-10,258,1455,9.47340916399551e-07
hiv-seropositive,1987-1,272,3066,2.005332845865217e-06
hiv-specific,1986-9,259,2077,1.3503803221346757e-06
hl-60,1978-5,361,17801,1.051736317400604e-05
hl60,1979-6,335,4837,2.880897163288783e-06
hla,1975-2,416,48677,2.8114440376802626e-05
hla-a,1975-12,406,5934,3.4464502384081954e-06
hla-a2,1976-2,368,4312,2.5074085272234126e-06
hla-b,1975-12,391,2962,1.720321133495968e-06
hla-b27,1976-1,380,3908,2.271181530764345e-06
hla-dq,1985-3,271,1686,1.0695677994136965e-06
hla-dr,1978-3,372,17176,1.013624358341804e-05
hla-identical,1976-5,374,2941,1.7132405438487714e-06
hmg,1971-7,419,8848,5.097182528958228e-06
hmlh1,1994-3,181,3311,2.643200192196977e-06
hmsh2,1993-12,179,2218,1.7532149306085277e-06
holoenzyme,1971-5,434,6648,3.829535452896528e-06
holter,1975-2,394,7483,4.321966377131171e-06
homeobox,1986-4,270,5497,3.5486761383167595e-06
homeodomain,1986-12,260,5472,3.573298130077808e-06
hospitalisation,1974-12,381,5495,3.1719135410855274e-06
hospitalised,1975-1,380,3764,2.172878664684272e-06
hospitalizations,1974-1,406,11510,6.639861237260863e-06
hplc,1973-11,412,69105,3.986079490245492e-05
hpv-16,1984-7,277,4552,2.8585941911791045e-06
hsa,1973-1,417,10334,5.958034443145741e-06
hsp60,1989-2,237,4448,3.03118079322057e-06
hsp70,1981-4,317,21190,1.281709015292251e-05
hsv-1,1971-8,429,18504,1.066028282412443e-05
hsv-2,1971-8,422,9140,5.265617434743693e-06
htert,1998-2,138,7292,7.062233824266732e-06
htlv-i,1982-11,307,11488,7.056205689241014e-06
http,1994-6,173,11930,9.620699867513204e-06
huntington,1974-1,420,8023,4.628289027501642e-06
huvec,1984-12,274,10248,6.475647472411763e-06
hyaluronan,1987-3,260,8252,5.41310277855425e-06
hybridisation,1975-2,389,7240,4.181616540215112e-06
hybridoma,1978-2,372,9491,5.597963152530267e-06
hybridomas,1978-2,368,7338,4.328084881810884e-06
hydropathy,1983-10,291,1230,7.641085695849558e-07
hyperemic,1975-1,383,2470,1.4258794638071603e-06
hyperintense,1984-12,272,3279,2.071979709410438e-06
hyperprolactinemia,1974-6,408,3769,2.1748487964649024e-06
ibmx,1975-8,374,4322,2.504343509161661e-06
ibuprofen,1975-2,406,12063,6.967243138758963e-06
icam-1,1986-7,267,28020,1.8167569365770362e-05
icp,1973-12,407,14198,8.190032147225994e-06
ictal,1975-2,379,6444,3.7218697493295832e-06
idazoxan,1983-11,289,2970,1.8472437986500304e-06
iddm,1979-12,342,15800,9.447777732379943e-06
ie,1970-4,431,25616,1.4748937413362551e-05
ifn,1980-9,350,42429,2.5524163779811495e-05
ifn-alpha,1980-9,344,23105,1.3899356669554894e-05
ifn-beta,1980-12,342,8275,4.9894768646803176e-06
ifn-gamma,1981-2,341,89907,5.4295894959486634e-05
ifns,1980-11,325,3927,2.3660229232025477e-06
ige,1971-2,434,60612,3.491147632787351e-05
igf-ii,1980-1,335,13983,8.367034437213026e-06
igfbp,1988-7,237,3354,2.2573825505564547e-06
igfbp-1,1989-9,239,6571,4.54440870462448e-06
igfbp-2,1989-9,234,4055,2.8043794395453154e-06
igfbp-3,1990-1,237,12804,8.935041253582324e-06
igfbps,1989-9,235,3976,2.74974418042717e-06
igg1,1971-12,424,18157,1.0462094566048239e-05
igg2,1971-12,421,5916,3.4088093546699e-06
igg2a,1975-1,405,6667,3.848719994009043e-06
igg2b,1975-2,392,2791,1.612001624826019e-06
ii-restricted,1984-9,283,1306,8.220948456690159e-07
ikappab,1995-4,164,4841,4.04549780598013e-06
ikappab-alpha,1996-4,159,1519,1.3306667355961964e-06
ikappabalpha,1995-9,167,5629,4.792570682765549e-06
ikkalpha,1997-10,133,1168,1.10901288868763e-06
ikkbeta,1997-10,139,1591,1.510650261902414e-06
il-1,1980-11,334,69285,4.174430818285931e-05
il-10,1990-11,225,47508,3.3923289819123744e-05
il-11,1990-10,216,3185,2.268717567783073e-06
il-12,1991-8,214,29305,2.1386538594493835e-05
il-13,1993-3,199,10357,7.96232886828989e-06
il-15,1994-5,182,7157,5.752641104083726e-06
il-18,1996-6,154,11506,1.0162601814513388e-05
il-1beta-induced,1995-3,162,1631,1.3578805184497383e-06
il-1r,1988-3,238,1678,1.1217330503416995e-06
il-1ra,1990-5,227,8667,6.1032842247747175e-06
il-2,1980-9,349,73373,4.413925543887692e-05
il-2r,1985-9,283,8135,5.200939343221135e-06
il-3,1981-7,310,14277,8.655726859788634e-06
il-4,1986-12,276,50052,3.26847072380582e-05
il-5,1987-6,268,14861,9.792696547872433e-06
il-6,1987-10,266,94892,6.292232742299616e-05
il-8,1989-5,244,39136,2.683985465104951e-05
il6,1988-8,237,2636,1.7769885228275154e-06
iloprost,1984-3,290,3928,2.4546181043787756e-06
imipenem,1983-11,312,8673,5.394325072623473e-06
immunisation,1972-4,413,6382,3.678008106071679e-06
immunoaffinity,1976-1,368,4764,2.7686562979942016e-06
immunoblot,1982-5,325,19695,1.203553155842688e-05
immunoblots,1982-10,321,6483,3.978528204239647e-06
immunoblotting,1980-11,334,28115,1.693932632692631e-05
immunocompromised,1975-4,386,12565,7.264789567538773e-06
immunodeficiency,1971-12,428,72496,4.1772319637618164e-05
immunodeficient,1974-3,393,5972,3.4454919186044745e-06
immunogold,1981-3,318,6913,4.17807657647286e-06
immunohistochemically,1975-1,389,18196,1.0504171143091128e-05
immunohistochemistry,1975-1,398,71833,4.1467692114842e-05
immunohistological,1974-11,391,3478,2.0075182458747477e-06
immunomagnetic,1986-11,260,2097,1.367400027732594e-06
immunoperoxidase,1972-5,424,10912,6.288968308771179e-06
immunoregulation,1975-3,380,1499,8.662137452846198e-07
immunoregulatory,1975-1,404,6161,3.556616751625876e-06
immunostaining,1975-5,388,32478,1.8787513039520628e-05
immunosuppressed,1970-7,432,7553,4.349242713463426e-06
immunotherapeutic,1974-12,381,3162,1.8252212223680504e-06
immunotherapy,1970-7,427,27245,1.5688483745307964e-05
immunotoxin,1982-6,303,2524,1.5436853240572671e-06
imrt,1997-7,142,6922,6.481584985555392e-06
in-frame,1982-9,310,4402,2.6991462493109798e-06
in-vitro,1970-7,428,12038,6.931839505451175e-06
in-vivo,1974-9,415,5473,3.1586210134279062e-06
incisors,1971-9,418,8861,5.105044882726717e-06
incontinent,1975-1,383,3151,1.8190065548406323e-06
indinavir,1996-1,161,3281,2.8394242784717635e-06
indo-1,1986-5,259,1496,9.672030584750293e-07
infliximab,1998-9,130,7756,7.790314676814342e-06
informations,1974-10,400,1738,1.0031144684163408e-06
infrarenal,1975-1,383,3647,2.1053370058723536e-06
ink4a,1994-12,167,4520,3.721894134966925e-06
integrin,1986-7,273,37743,2.4471754838410805e-05
integrins,1987-10,259,16164,1.0718253387696645e-05
inter-assay,1975-3,386,2178,1.25858141242822e-06
interassay,1974-11,395,2184,1.2606152527287087e-06
intercourse,1973-8,413,11782,6.795066297873546e-06
interferon-alpha,1980-9,337,7061,4.24771077445259e-06
interferon-gamma,1981-10,332,20641,1.2542235023972251e-05
interindividual,1974-4,414,8397,4.844837579797315e-06
interleukin,1980-4,353,46196,2.7696076752824047e-05
interleukin-1,1981-9,328,16679,1.0126937503424573e-05
interleukin-12,1992-7,193,2489,1.8703570747986566e-06
interleukin-1alpha,1995-5,164,916,7.684103717803928e-07
interleukin-1beta,1994-5,174,6518,5.239026787259707e-06
interleukin-2,1980-4,342,15540,9.316759735450812e-06
interleukin-3,1982-12,296,2771,1.7034673010940367e-06
interleukin-4,1987-5,258,4726,3.1096489418085076e-06
interleukin-6,1987-11,263,17175,1.1407383225452332e-05
interleukin-8,1989-5,240,5794,3.9735823244118175e-06
interleukins,1981-12,305,2210,1.3448881571869691e-06
internalized,1974-2,406,11521,6.646548564327338e-06
internet,1992-7,202,15804,1.1875903258384078e-05
interobserver,1975-3,387,10433,6.028824552738117e-06
intra-assay,1975-1,383,2061,1.189772297533019e-06
intraarticular,1975-2,383,3416,1.9729837156595057e-06
intramembranous,1972-6,414,2109,1.215540179416082e-06
intraosseous,1975-1,384,3320,1.9165667286800696e-06
intrapleural,1974-12,393,2172,1.2537572722907671e-06
intravaginal,1973-10,396,2759,1.5913513956484834e-06
intravitreal,1974-4,412,6934,4.000726899882646e-06
intron,1978-10,367,34947,2.0709033564703474e-05
introns,1978-11,365,16582,9.832449778438356e-06
ionophore,1973-4,427,17969,1.0361442573880731e-05
ionophores,1973-6,418,2615,1.5080244886637707e-06
ip3,1983-7,303,8654,5.358206009226182e-06
is6110,1990-9,209,1576,1.1199483364989865e-06
isocratic,1975-8,373,3517,2.0378935959559374e-06
isoflurane,1975-1,380,20267,1.1699716231975593e-05
isoproterenol-induced,1975-1,381,1401,8.087680683375836e-07
isotype,1976-12,382,8908,5.2118640889540464e-06
isotypes,1975-4,379,6378,3.6876106535425624e-06
itraconazole,1984-7,285,7812,4.9058299256351414e-06
iud,1975-1,403,4919,2.839636065776284e-06
ivermectin,1980-9,337,5888,3.5420650106184466e-06
ivf-et,1983-5,292,2198,1.3579558346574772e-06
jak-stat,1994-6,176,980,7.903005758728366e-07
jak3,1994-4,173,1546,1.2383654653379677e-06
jnk,1993-11,186,24745,1.9499075073253008e-05
jnk1,1994-3,174,2790,2.227281345886308e-06
jnks,1994-9,168,1072,8.734022567154899e-07
junb,1989-3,232,2168,1.4804667678996368e-06
jurkat,1981-10,317,11434,6.947721295678442e-06
k562,1976-10,375,15319,8.951335382405161e-06
kainate,1976-7,372,10199,5.94847925821303e-06
kainic,1976-1,387,6319,3.6723633809876907e-06
kbp,1978-1,357,4191,2.4706281369424268e-06
kd,1975-1,419,64461,3.721199033055601e-05
kda,1978-10,342,134450,7.967292078788972e-05
ketamine,1971-11,423,17544,1.0108421480292625e-05
ketanserin,1981-5,328,6094,3.688945239071034e-06
ketoconazole,1978-10,358,8100,4.7999305197613e-06
kg-1,1975-1,416,57897,3.342273008746686e-05
kilobase,1975-5,377,3098,1.7920966622462868e-06
kilobases,1974-4,395,6182,3.5668436249025845e-06
kindling,1975-4,381,6318,3.6529200547321904e-06
kinesin,1985-8,267,4539,2.898178919793933e-06
kir6,1995-11,162,3270,2.806373809075474e-06
kj,1973-3,422,16730,9.646545665694884e-06
klh,1974-4,393,2770,1.5982136591685796e-06
knees,1973-10,420,16344,9.426983403580577e-06
kpa,1975-1,411,13240,7.643175749314495e-06
kshv,1994-12,173,3972,3.2706556424974837e-06
l-name,1990-8,232,21852,1.54931710310747e-05
l-nmma,1988-6,244,6124,4.114380898877301e-06
l-nna,1990-5,228,3631,2.5569430045179413e-06
l-selectin,1991-11,213,6025,4.430825877637784e-06
lactococcus,1988-3,252,3101,2.07300011269941e-06
lad,1973-11,414,12734,7.345161164718341e-06
laminin,1979-10,357,25644,1.5313249099077676e-05
lamivudine,1994-6,173,8470,6.8304549771866595e-06
laparoscopic,1975-2,409,73933,4.27015822745475e-05
laparoscopy,1972-12,422,20945,1.2075213949672732e-05
lasik,1995-8,160,6031,5.115597919401589e-06
lck,1986-10,256,4319,2.812072452185334e-06
lectin,1971-9,441,29566,1.7033715946585953e-05
legionella,1979-3,368,7578,4.504729872740757e-06
legionnaires,1977-8,362,1815,1.0671064783743273e-06
leiomyoma,1975-1,396,5672,3.274327254540167e-06
leisure,1975-2,380,5086,2.9375278623665826e-06
leptin,1995-9,171,59188,5.039308466362184e-05
lett,1975-1,395,4349,2.5105869587438623e-06
leukotriene,1979-9,357,15376,9.175721672538516e-06
leukotrienes,1980-4,352,5651,3.3879671341719778e-06
leupeptin,1975-8,378,2857,1.6554626112158412e-06
levamisole,1975-1,411,4553,2.6283519023133606e-06
levofloxacin,1991-11,201,6205,4.563199098878415e-06
levonorgestrel,1978-3,351,2803,1.6541622475734025e-06
lfa-1,1981-7,311,7923,4.803482798214285e-06
lhrh,1975-2,414,14481,8.363810651775558e-06
libido,1974-6,389,2168,1.2510141126919365e-06
life-style,1975-2,378,2355,1.3601805182605784e-06
life-table,1974-10,396,2167,1.2507186726456906e-06
lifestyle,1975-8,380,25774,1.493450939498673e-05
limbus,1975-4,384,2378,1.3749040661844174e-06
linezolid,1997-2,140,3942,3.6064321821305997e-06
linker,1976-7,376,15175,8.850688571760243e-06
lisinopril,1985-2,272,3889,2.463989488971843e-06
localised,1974-9,421,8888,5.129512802365655e-06
log10,1975-1,402,6326,3.651867808924735e-06
lorazepam,1975-1,388,4031,2.32701219376788e-06
losartan,1992-1,213,12743,9.420718420098074e-06
lovastatin,1986-11,269,6185,4.033080196245157e-06
low-risk,1975-2,408,11511,6.648423756134828e-06
ltb4,1980-12,335,9803,5.910796580599535e-06
ltc4,1980-11,322,5693,3.4300403620555394e-06
ltr,1980-6,349,9682,5.812528816653205e-06
ltrs,1980-6,323,1748,1.0494009885880813e-06
lucifer,1978-10,349,2490,1.4755341968155107e-06
luteolysis,1975-1,394,2202,1.2711686555884076e-06
ly294002,1994-2,180,5211,4.146356139098401e-06
lymphadenectomy,1974-8,415,9546,5.508971337027003e-06
m-mode,1975-1,406,5435,3.1375120995108972e-06
m3,1972-1,425,20547,1.1839812860357017e-05
mabs,1981-8,327,33478,2.031167115729354e-05
macrophage-like,1975-2,388,3241,1.8719087302261296e-06
maldi,1992-4,199,3594,2.6780388905105735e-06
mammographic,1975-2,387,6962,4.021051706212377e-06
mania,1973-1,417,6243,3.599381558792226e-06
mapk,1991-9,207,43333,3.1702327347792294e-05
marrow-derived,1972-1,424,7631,4.397216719588475e-06
matrigel,1987-7,257,6056,3.997339712335923e-06
maxilla,1973-8,417,7289,4.203805656526929e-06
maxillofacial,1975-1,397,6144,3.5468030063284177e-06
mbp,1976-3,372,16783,9.7648382692887e-06
mcf-7,1975-11,381,20478,1.1886640781175822e-05
mci,1972-5,422,11811,6.807093538755168e-06
mda,1975-3,378,21645,1.2507802879710202e-05
mdp,1975-7,385,4321,2.502379448103184e-06
mdr1,1986-5,268,9542,6.169152128321343e-06
med,1974-8,403,8466,4.885706195188624e-06
medicaid,1975-1,400,12324,7.1143880615220415e-06
medroxyprogesterone,1975-1,404,3869,2.2334929738744545e-06
meningiomas,1972-1,414,10287,5.927685545067048e-06
meropenem,1989-9,227,3997,2.7642674771547784e-06
merozoites,1975-2,381,2282,1.3180178100512272e-06
mesangial,1970-10,429,19165,1.1036950069270381e-05
mesolimbic,1975-2,396,3153,1.8210824518367745e-06
met-enkephalin,1976-2,374,3065,1.7822836586131168e-06
metoprolol,1974-12,407,9198,5.309419608899851e-06
mg132,1996-4,152,1609,1.4095080826690454e-06
mgcl2,1974-2,414,4913,2.8343453777050786e-06
mglur,1991-6,211,3364,2.4428577892683528e-06
mglur1,1992-1,196,1747,1.2915322200354183e-06
mglurs,1991-12,206,3174,2.3399476886779665e-06
mhc,1974-3,411,66954,3.862851070298794e-05
mibefradil,1995-7,157,1561,1.3194222980552793e-06
mic90,1980-12,318,3381,2.038600758850049e-06
miconazole,1974-4,395,2554,1.4735876120998384e-06
microcirculatory,1972-5,410,4482,2.583133793980244e-06
microdissection,1973-12,405,4330,2.4977348357154918e-06
microfilaments,1970-6,433,5168,2.9757978990265685e-06
microsatellite,1989-3,233,24421,1.6676420174758777e-05
microtubule-associated,1975-1,386,4798,2.7697852904237875e-06
microv,1978-7,349,3583,2.1194511876177033e-06
microvessels,1974-9,402,9407,5.429042184051948e-06
mics,1972-12,407,15332,8.83920650639209e-06
midazolam,1979-1,355,16058,9.534013449725038e-06
milrinone,1983-9,296,3611,2.2406015042725885e-06
min-1,1975-1,414,45708,2.6386274709189344e-05
minipumps,1979-1,345,1804,1.0710773610227904e-06
mip-1alpha,1996-3,163,3665,3.1971247490345396e-06
mip-1beta,1996-2,162,1804,1.5672731541737983e-06
mitogen-induced,1973-7,401,2388,1.377174925054795e-06
mitogen-stimulated,1973-11,400,2164,1.248227482366145e-06
mitogenesis,1973-5,404,4496,2.592643847669845e-06
mitogens,1972-5,436,9184,5.293061303863133e-06
mitoxantrone,1981-5,326,5172,3.130821262959532e-06
mk801,1987-12,239,1344,8.940330504022726e-07
mlh1,1993-9,177,3087,2.416932948620139e-06
mlr,1973-9,412,6683,3.854469714050411e-06
mmc,1974-12,386,13393,7.730925942813187e-06
mmhg,1970-4,436,90610,5.21705660143965e-05
mmol,1970-9,439,105419,6.070753871328307e-05
mmp-13,1995-12,154,2740,2.360563064659823e-06
mmp-9,1991-10,210,20612,1.5118168780311523e-05
moab,1980-10,318,7879,4.743356072085727e-06
mofetil,1992-10,188,4449,3.3710381487726015e-06
mol-1,1975-1,399,4847,2.7980719680458727e-06
monitors,1972-5,415,6321,3.6430139919118968e-06
monooxygenase,1972-12,407,5812,3.3507349475052714e-06
monotherapy,1975-1,397,21109,1.2185785263767346e-05
morphometry,1974-9,417,7114,4.105687902343528e-06
mosmol,1973-2,409,2633,1.518119133259096e-06
moxifloxacin,1997-12,141,3874,3.714163973035718e-06
mpp+,1984-7,287,3278,2.058539490045058e-06
mptp,1983-2,309,8467,5.214970389023038e-06
mrnas,1970-12,440,61797,3.559137600473213e-05
msh2,1992-12,186,2867,2.1849677589754643e-06
msi-h,1998-4,131,1686,1.6496194655175204e-06
mt1-mmp,1996-5,159,4315,3.7960682730031166e-06
mtdna,1974-1,406,26091,1.5051313600466827e-05
mucociliary,1973-4,401,3380,1.9490052813020688e-06
multicenter,1975-2,400,26014,1.5024940977507724e-05
multicentre,1975-2,395,8057,4.653492329352646e-06
multilamellar,1975-1,404,2734,1.5782811554853343e-06
multisystem,1974-8,401,3996,2.3060810248020013e-06
multivariate,1974-2,422,99458,5.7378042453855425e-05
mumol,1970-5,449,54751,3.1525136451037915e-05
muscimol,1976-9,385,7336,4.283823609753209e-06
myelosuppression,1972-6,410,5608,3.232218741662109e-06
mykiss,1989-10,238,2091,1.4493227047108383e-06
myocutaneous,1976-7,382,3064,1.7870517155765e-06
myod,1989-2,242,4491,3.060484024809708e-06
myoelectric,1975-1,386,2457,1.4183748350502804e-06
myofibroblasts,1975-4,387,6059,3.5031723032007504e-06
myogenin,1989-2,238,2866,1.9530944589411315e-06
myxoid,1975-8,373,3926,2.274884918317603e-06
mz,1973-11,397,4772,2.752560788286157e-06
n-glycosylation,1979-7,336,4548,2.7106078642852854e-06
n-myc,1983-12,289,3755,2.3381388466960334e-06
n-ras,1983-4,303,2789,1.7212564284700064e-06
nad+,1974-2,421,8084,4.663718305183769e-06
nadp+,1974-2,407,3684,2.1253263528323853e-06
nahco3,1975-1,393,2782,1.6059905539722751e-06
naltrexone,1975-2,401,8180,4.724533604828676e-06
naltrindole,1989-6,228,1400,9.62080420733931e-07
naproxen,1975-2,402,5922,3.4203775070654546e-06
natl,1974-12,416,7458,4.305028423915535e-06
nbqx,1990-2,219,1682,1.176266549552851e-06
nelfinavir,1996-5,154,2117,1.8624047587364075e-06
neostriatum,1975-2,388,3217,1.8580470179381235e-06
neuroepithelial,1975-1,384,2984,1.7226009392714842e-06
neurofilament,1975-7,378,6940,4.019095896745219e-06
neurokinin,1984-1,298,4924,3.0699265372814246e-06
neuroleptic,1972-10,422,8933,5.1495576998025076e-06
neuroleptics,1971-11,422,6305,3.632785991407034e-06
neuropathies,1973-6,403,5403,3.115815033365336e-06
neuropathologic,1975-2,382,2495,1.4410405066072797e-06
neuropeptides,1977-4,370,10833,6.354407757260146e-06
neuroprotective,1987-7,258,18081,1.193459368209145e-05
neurotensin,1975-3,390,7594,4.388276972442563e-06
neuroticism,1975-2,392,4431,2.5592186311730886e-06
neurotoxins,1975-1,389,3100,1.7895653189482578e-06
neurotransmission,1972-3,417,13428,7.738316078315737e-06
neurotrophin,1991-2,222,4725,3.3981851595520677e-06
neurotrophin-3,1990-3,221,1636,1.1467036314198909e-06
neurotrophins,1991-3,219,4627,3.3357515549544233e-06
nevirapine,1991-7,205,2899,2.1106971217880236e-06
nf-kappa,1986-12,255,12067,7.879932115432915e-06
nf-kappab-dependent,1995-7,158,1602,1.3540772078696715e-06
ng-nitro-l-arginine,1989-12,230,3527,2.4554235947037464e-06
nh2,1975-1,414,5325,3.074011394644991e-06
nh2-terminal,1975-1,419,9522,5.496851924846874e-06
nh4,1971-12,418,3275,1.8870606214577287e-06
nh4+,1975-1,409,4144,2.3922447360392195e-06
nh4cl,1974-2,402,3771,2.175517284617515e-06
ni2+,1975-1,396,4522,2.610456249123878e-06
nicardipine,1980-6,327,5981,3.590656357405786e-06
niddm,1980-4,333,16062,9.629716529653213e-06
nifedipine,1975-2,400,27831,1.6074388111978837e-05
nigrostriatal,1973-5,405,5485,3.1629562954780027e-06
nimodipine,1980-11,330,5443,3.2794150168045497e-06
nitrendipine,1982-6,315,4211,2.5754591519830236e-06
nmol,1970-8,451,87607,5.044880168317615e-05
no-mediated,1991-3,207,1713,1.234956216476535e-06
no-synthase,1991-7,201,845,6.152256184583924e-07
no2,1975-2,398,6811,3.9338384330670066e-06
nociceptin,1995-12,164,2696,2.3226562125265997e-06
noesy,1983-10,299,2635,1.6369317730539502e-06
non-adherent,1974-12,386,1815,1.0476839084750195e-06
non-diabetic,1973-11,412,11860,6.8410249264614045e-06
non-invasive,1973-2,422,23684,1.3655576738362485e-05
non-small,1978-9,344,12408,7.348089713244222e-06
non-small-cell,1981-2,316,4815,2.9078351433139596e-06
non-t,1975-1,387,2566,1.4812982607810418e-06
noncoding,1976-12,376,6644,3.887250225304298e-06
noninvasive,1971-1,425,40666,2.3421910507166504e-05
noninvasively,1975-1,401,5373,3.101720793131932e-06
nonresponders,1973-2,416,7795,4.494393712022276e-06
nonresponsive,1975-1,384,1504,8.682278192574773e-07
nonsmoking,1973-12,395,3959,2.2837256846645798e-06
nonsteroidal,1972-8,415,12001,6.917522022933741e-06
nontransgenic,1987-9,251,2621,1.7352244271248744e-06
nontraumatic,1975-1,380,2139,1.2348000700742978e-06
norfloxacin,1982-1,326,4370,2.661613584951749e-06
novartis,1997-3,142,657,6.037905202405153e-07
nr2a,1992-5,193,2630,1.9653518086187757e-06
nr2b,1992-5,194,3415,2.551968222978372e-06
nrti,1998-3,132,1173,1.1417761913125845e-06
nucleopolyhedrovirus,1996-3,159,815,7.109567995806684e-07
nucleosomal,1975-4,386,3172,1.8339763237750092e-06
nucleosome,1975-1,403,7386,4.26378369217801e-06
nucleosomes,1975-1,405,5944,3.431347179299498e-06
nyha,1975-1,382,9480,5.472606201170801e-06
o2-,1973-12,403,11104,6.405276585631598e-06
oa,1975-2,393,35462,2.0481835048219377e-05
occlusal,1971-9,420,12839,7.396870697362411e-06
oct-1,1988-12,232,1805,1.2252552914263636e-06
octreotide,1987-6,259,10131,6.6758501262698076e-06
odds,1975-1,387,106859,6.168747110241673e-05
ofloxacin,1983-3,307,6955,4.287908877727971e-06
ofq,1996-6,152,3145,2.777801382465201e-06
okadaic,1986-9,262,6307,4.1005530532996625e-06
okt3,1979-10,341,4634,2.7671812636533286e-06
omeprazole,1983-4,309,12826,7.915681230389495e-06
oncology,1971-11,417,21780,1.2549100538119777e-05
oncoprotein,1985-10,268,5105,3.2682360988226377e-06
ondansetron,1989-12,239,6148,4.280108948182204e-06
ontogenesis,1973-6,408,1851,1.0674391313639157e-06
ophthalmoscopy,1975-1,390,2135,1.2324909535337194e-06
opioids,1975-2,380,15013,8.671078607493021e-06
optimization,1972-3,413,26520,1.52830013700427e-05
optimized,1972-9,420,34189,1.9707784575137754e-05
orbicularis,1975-1,379,2398,1.384315366076749e-06
orexin,1998-10,132,2932,2.9610766713925533e-06
orfs,1983-7,297,9989,6.184783894864841e-06
organisation,1971-6,419,9523,5.485865130159584e-06
orphanin,1995-11,162,1009,8.659422548492825e-07
orthodontic,1975-1,420,16388,9.460450466749693e-06
oseltamivir,1999-7,119,1689,1.7958345054059705e-06
osteoarthrosis,1975-2,381,1971,1.1383931216524842e-06
osteonecrosis,1975-1,380,5284,3.0503429501040626e-06
osteopontin,1986-12,252,5976,3.902417694690238e-06
osteoprotegerin,1997-4,141,2041,1.8843094592728151e-06
osteosynthesis,1975-1,407,3886,2.2433067191719126e-06
osteotomies,1974-5,410,4008,2.312631741825252e-06
overexpress,1985-4,268,5016,3.186155077873867e-06
overexpressing,1986-1,266,14529,9.341043496256258e-06
oxadiazolo,1995-8,162,748,6.344664638886402e-07
p-gp,1988-6,237,12473,8.37992700060362e-06
p-selectin,1991-10,213,10777,7.904546135523834e-06
p15,1974-2,396,4872,2.810692179967259e-06
p16ink4a,1995-3,173,2552,2.1246542508177388e-06
p21waf1,1994-6,176,2898,2.3370317029382455e-06
p27kip1,1994-7,178,3157,2.5550795533083506e-06
p30,1974-8,406,2663,1.5368102525144467e-06
p450s,1987-8,251,3577,2.364439900031058e-06
p53-deficient,1993-1,190,1071,8.186681070373984e-07
p53-dependent,1992-6,193,3195,2.3939068278380412e-06
p53-independent,1994-3,183,1606,1.2820838141553443e-06
pac,1975-2,380,7284,4.20702967940979e-06
pacap,1990-3,231,8866,6.214348652914885e-06
paclitaxel,1993-6,197,25437,1.9733911649822926e-05
pai-1,1986-12,273,24200,1.580296322146984e-05
pamidronate,1989-1,232,3217,2.18791167442057e-06
pan-caspase,1998-1,132,691,6.66025294910097e-07
pao2,1975-1,418,12383,7.148447530495573e-06
papua,1974-12,387,2125,1.2266271655699263e-06
papules,1975-1,409,3401,1.9633263386267823e-06
paracellular,1974-7,392,4461,2.5742888133017576e-06
paraffin-embedded,1974-7,408,14171,8.177593986393008e-06
parous,1975-1,379,2508,1.447816070942655e-06
parp-1,1999-6,116,3178,3.358020415308067e-06
parvocellular,1975-1,383,2662,1.5367170577549232e-06
patch-clamp,1980-10,325,11731,7.062356908444937e-06
pathologies,1974-10,381,15022,8.67018730986782e-06
pbmc,1978-6,349,26450,1.5636423530610462e-05
pbr322,1977-8,369,4226,2.4846236791239158e-06
pc12,1976-7,363,17090,9.967595893995556e-06
pcb,1972-1,412,13719,7.905309418953517e-06
pcdna3,1995-11,161,2452,2.104351247661487e-06
pcr-amplified,1988-7,244,2122,1.428194923160643e-06
pcr-based,1990-1,234,5929,4.137446078763637e-06
pcr-sscp,1990-7,215,2105,1.4892220676330322e-06
pd98059,1995-6,167,6337,5.335156456565511e-06
pda,1975-1,383,6458,3.728068654763822e-06
pde,1973-7,395,10969,6.325892693855129e-06
pde4,1994-11,168,2443,2.0046817187513805e-06
pdgf,1978-6,351,21587,1.2761568043678186e-05
pdgf-bb,1988-5,251,3904,2.6186493239675053e-06
pecam-1,1991-3,207,2726,1.965260155350283e-06
pectoralis,1975-1,406,3814,2.2017426214415015e-06
peep,1972-9,411,9440,5.441559752824019e-06
pemphigoid,1973-4,418,4452,2.5671513350168076e-06
peptidergic,1975-5,375,2663,1.5404626893356558e-06
percoll,1978-7,365,5032,2.976577833126509e-06
periaqueductal,1973-11,402,3865,2.229389657738055e-06
pericellular,1975-6,390,2808,1.625205848121277e-06
perimetry,1974-7,391,4672,2.696049615724235e-06
perineural,1975-1,390,3407,1.9667900134376497e-06
periodontitis,1974-5,407,16975,9.794641671028855e-06
perioperative,1975-2,415,36932,2.133086492585974e-05
peroperative,1975-3,380,1673,9.667615716218605e-07
pfge,1986-6,257,8794,5.693313997533821e-06
pgd2,1975-1,379,4284,2.4730638149594633e-06
pge2,1974-2,420,44174,2.548430138708409e-05
pgi2,1977-6,381,13618,7.997964544452311e-06
phantoms,1975-1,390,5567,3.213712945349984e-06
pharmacokinetic,1971-9,432,48539,2.7964538264605815e-05
pharmacokinetics,1971-11,425,40558,2.336852248048953e-05
phosphocholine,1976-2,371,2232,1.297897920399503e-06
phosphotyrosine,1978-10,351,5151,3.0524002601593158e-06
photoaffinity,1973-9,404,4458,2.5711844957708714e-06
physiol,1971-8,416,5370,3.0936942696470057e-06
pins,1973-12,398,3942,2.2739193354250503e-06
piperacillin,1977-12,375,5064,2.983592081782286e-06
pkc-alpha,1988-12,231,2743,1.86198075589059e-06
pkcalpha,1995-12,165,3735,3.2177748344906713e-06
pkcdelta,1996-2,157,3359,2.9182209117903482e-06
pkcepsilon,1996-2,151,2109,1.8322500455391023e-06
placebo-controlled,1974-3,414,30854,1.7800938991396928e-05
platelet-derived,1976-8,370,12419,7.24779000254764e-06
pleocytosis,1974-8,385,1764,1.017999731669352e-06
pma,1974-7,400,32733,1.8889082207085054e-05
pmns,1973-1,405,13809,7.961534509908994e-06
pmol,1970-9,438,51664,2.9751698271498084e-05
pna,1975-3,404,7991,4.617687817591325e-06
pneumophila,1979-3,368,7515,4.467279624392556e-06
polyadenylated,1974-2,415,3015,1.7393753946225954e-06
polychlorinated,1970-12,431,8173,4.707159183887174e-06
polyneuropathy,1974-8,416,7447,4.297643991917043e-06
polypectomy,1974-7,392,2610,1.5061407313870404e-06
pomc,1980-12,329,7208,4.346120754152958e-06
porin,1978-3,346,3780,2.230728967473229e-06
porphyromonas,1989-1,242,3650,2.4823990089011757e-06
post-translational,1971-12,412,11839,6.821652121355129e-06
post-transplant,1974-9,391,7543,4.353275772754741e-06
postinfarction,1975-3,389,2644,1.527864671469336e-06
postischemic,1974-1,389,7191,4.148326859873403e-06
postsurgical,1975-1,407,5353,3.0901752104290397e-06
posttraumatic,1975-1,419,12753,7.362040810499075e-06
pp2a,1989-1,231,5749,3.909948466348728e-06
pparalpha,1996-4,156,6294,5.513638205294576e-06
ppargamma,1995-10,163,13256,1.1330290927989563e-05
ppi,1972-9,410,12743,7.345529229897932e-06
practising,1975-1,389,2783,1.6065678331074198e-06
pravastatin,1987-10,245,6584,4.365811699121177e-06
praziquantel,1977-3,356,3059,1.7931567235319357e-06
prazosin,1975-1,401,13649,7.879282915588635e-06
prehospital,1975-2,381,5727,3.307751094725407e-06
preload,1972-9,421,6733,3.881146378788572e-06
premolar,1975-2,379,3885,2.2438646766209543e-06
premorbid,1974-4,397,3785,2.1838406859036366e-06
preneoplastic,1972-6,408,4764,2.745772126476157e-06
preovulatory,1974-4,415,6418,3.703009120773987e-06
presenilin,1995-10,167,2174,1.8581813878582762e-06
presenilin-1,1995-12,162,749,6.452780056314627e-07
preterm,1973-8,421,50056,2.886893894129674e-05
pretransplant,1975-1,384,4428,2.5561920104202857e-06
prevalences,1975-2,402,8342,4.818100162772716e-06
prick,1975-2,408,6751,3.899184152346992e-06
prl,1974-2,419,45347,2.6161013605290494e-05
pro-apoptotic,1995-12,164,5768,4.969243706918927e-06
pro-opiomelanocortin,1980-8,319,1069,6.426418940211702e-07
proarrhythmic,1984-2,281,1457,9.094286795388563e-07
probands,1971-9,422,11926,6.870868442771564e-06
problematic,1975-2,405,13581,7.843996440975336e-06
procollagen,1971-6,421,9465,5.452453371517428e-06
progenitor,1971-10,427,41433,2.3871610097915424e-05
prognoses,1974-11,391,2900,1.6738938795390362e-06
prognostically,1974-10,398,2133,1.2310950294200545e-06
programmable,1975-1,398,2292,1.3231237777514216e-06
promyelocytic,1975-1,386,6803,3.927229956388709e-06
propofol,1984-6,291,29286,1.836777860680102e-05
proptosis,1975-1,391,2325,1.3421739892111933e-06
prostacyclin,1976-12,391,14829,8.676103791546873e-06
prostanoid,1978-9,345,4321,2.5589213129374825e-06
prostanoids,1978-7,349,4082,2.4146245458709084e-06
prosurvival,1998-12,120,1004,1.0251255494948627e-06
proteasome,1988-1,240,20068,1.3372865579984775e-05
proteasomes,1988-8,234,2685,1.8100205553079966e-06
protein-1,1975-4,387,13588,7.85626427725562e-06
protein-1alpha,1996-3,162,716,6.245951760733234e-07
protein-tyrosine,1985-3,288,3045,1.9316927338165515e-06
proteobacteria,1989-6,224,2154,1.480229447329205e-06
proteoglycan,1970-1,438,17865,1.028512085607688e-05
proteoglycans,1970-5,430,14342,8.257995415257908e-06
proteomics,1998-1,136,9083,8.754714549447772e-06
proto-oncogene,1981-4,315,7393,4.471767225132427e-06
protooncogene,1983-5,300,2561,1.5822224260954501e-06
provocation,1972-7,418,7865,4.533269458788539e-06
pseudogenes,1980-5,336,3209,1.9252391851559116e-06
pseudotumor,1975-2,393,2765,1.596984769847346e-06
pss,1975-3,384,7145,4.1288173516068094e-06
psti,1976-6,368,2719,1.5848431389000558e-06
psychodynamic,1975-1,393,1818,1.0494934676928814e-06
ptfe,1975-2,385,4920,2.8416510190412087e-06
pthrp,1987-12,258,10879,7.236745204855896e-06
pubmed,1997-11,134,6072,5.794503482294759e-06
pulpal,1974-12,400,3608,2.0826686180594328e-06
pulsed-field,1985-5,274,6574,4.181264802633037e-06
puva,1976-10,374,3783,2.2105164665865086e-06
pvc,1974-1,400,5083,2.9322688678537763e-06
pvr,1975-1,380,7288,4.20721033693384e-06
quadrants,1975-1,390,3487,2.0129723442492175e-06
quetiapine,1997-2,145,3495,3.197483631797678e-06
quinoxalin-1-one,1995-8,161,918,7.786633874996947e-07
quinpirole,1985-4,278,3714,2.3591267861290954e-06
radiatum,1975-4,379,1932,1.1170372816939841e-06
radioimmunoassays,1971-5,422,3884,2.2373519402903304e-06
radiolucent,1973-11,406,2581,1.488759303136331e-06
radiopharmaceutical,1975-1,410,2766,1.5967540878099616e-06
radiopharmaceuticals,1974-8,392,2600,1.5004531192405414e-06
ralstonia,1996-10,151,1157,1.0395259443995722e-06
randomised,1975-1,414,31473,1.8168706220405973e-05
ranitidine,1979-3,354,9905,5.8880112680782786e-06
rankl,1997-11,133,6937,6.619972110783719e-06
rast,1975-1,400,5329,3.0763205111855693e-06
raters,1975-1,390,4298,2.481145722851488e-06
rattus,1975-1,391,2328,1.3439058266166272e-06
rbcs,1975-2,400,11806,6.818807303008234e-06
rcbf,1975-1,392,10672,6.160722930263163e-06
rdna,1971-7,418,18577,1.0701894195350025e-05
rds,1973-6,408,6268,3.6146453135543077e-06
rebleeding,1974-11,385,4514,2.605502404220417e-06
receptor-mediated,1975-3,389,21662,1.2517626517915564e-05
receptor-positive,1975-4,387,3205,1.8530561531207138e-06
recession,1975-2,400,4287,2.476048357445053e-06
recognise,1975-1,389,3452,1.9927675745191568e-06
recognised,1974-12,421,13233,7.638568132699687e-06
relapse-free,1975-3,377,4277,2.4715118002550492e-06
repeats,1971-12,415,42808,2.4666043078889296e-05
reperfusion,1972-10,417,85078,4.9044449791088964e-05
repositioning,1973-2,406,4780,2.756023341047656e-06
resp,1975-1,413,3025,1.7462693838124127e-06
reticulata,1975-3,392,2847,1.6451704688627835e-06
retinoid,1976-5,380,9801,5.709442560442642e-06
retinoids,1976-3,380,8679,5.049695009185284e-06
retrobulbar,1975-2,400,2892,1.6703363307047104e-06
retrogradely,1975-2,404,5833,3.3689736573307663e-06
retroperitoneum,1974-2,397,2261,1.3043873191514722e-06
retrotransposon,1985-9,266,1824,1.1661356314733067e-06
retroviral,1978-3,361,16575,9.781569480388564e-06
retrovirus,1977-3,384,9230,5.410538266819146e-06
retroviruses,1977-4,384,7101,4.165295807652939e-06
rflp,1982-3,309,12324,7.5179578400866864e-06
rhoa,1990-1,218,9222,6.435406938498609e-06
rhodobacter,1986-1,280,2967,1.9075556510009164e-06
ribotypes,1991-5,210,1202,8.708177100371112e-07
ribotyping,1989-8,229,2129,1.4693291988383507e-06
ritonavir,1995-12,166,4136,3.5632441005230034e-06
rituximab,1998-9,133,8890,8.929331804651817e-06
rocuronium,1992-2,198,2752,2.039609921341539e-06
rofecoxib,1999-2,125,3903,4.030453129016367e-06
roof,1971-12,412,3618,2.084697810208874e-06
rosiglitazone,1997-12,137,5978,5.7313557642765935e-06
rostrocaudal,1975-6,379,2540,1.470093609055571e-06
rotavirus,1975-1,407,16182,9.341530964909905e-06
rotaviruses,1975-1,384,2654,1.5320988246737665e-06
rrnas,1974-7,388,1982,1.1437436511912315e-06
rt-pa,1984-3,280,4001,2.500236007031436e-06
rt-pcr,1989-7,237,75651,5.210610290569269e-05
ru486,1985-2,277,3175,2.0116139438121883e-06
rxr,1991-7,218,6073,4.421615598695642e-06
rxralpha,1995-8,160,1837,1.5581749921971015e-06
sacrum,1975-1,394,2597,1.4991939139705242e-06
sapk,1994-11,178,2945,2.4166138607133912e-06
saquinavir,1994-9,170,2292,1.8673861682760289e-06
sb203580,1996-3,159,4068,3.548677620483631e-06
scatchard,1970-6,431,9185,5.288835855758327e-06
sce,1975-1,406,8283,4.781603076402716e-06
scfv,1991-6,203,6165,4.4768782017953016e-06
sch23390,1985-5,267,1462,9.298766567461972e-07
schoolchildren,1975-1,414,6185,3.5704714508693463e-06
schwannoma,1975-1,390,5232,3.0203244350765433e-06
sci,1970-10,431,26679,1.536419467247923e-05
scintigraphic,1974-8,416,7360,4.24743652215784e-06
sclc,1981-5,315,9618,5.822165295271612e-06
scleral,1975-2,415,7457,4.306949522152498e-06
scoliosis,1971-3,421,12532,7.218468626856299e-06
sdf-1alpha,1997-7,141,1726,1.6161825606860166e-06
sds-page,1972-11,402,23701,1.3663476925931755e-05
selectins,1990-2,216,1565,1.0944453924198642e-06
self-rating,1975-2,386,2249,1.2989579556552192e-06
self-report,1975-1,416,16301,9.410227181992112e-06
self-reported,1975-1,398,28388,1.6387800088484883e-05
sephacryl,1977-10,368,2820,1.6597058856858549e-06
sequencing,1971-11,425,75346,4.3412512816582774e-05
serotoninergic,1974-6,408,3052,1.7611139630700137e-06
serovars,1975-1,379,4660,2.6901207697738325e-06
serpin,1986-5,264,2593,1.6764421996161437e-06
sertoli,1971-5,420,15949,9.187313618869845e-06
sestamibi,1989-9,220,3184,2.2020084181288e-06
sex-,1974-9,383,3938,2.272729682236268e-06
sex-specific,1975-1,400,5289,3.0532293457797856e-06
sf-36,1991-7,204,12764,9.293183188169138e-06
sf9,1987-3,258,3715,2.4369458097829663e-06
shbg,1975-6,381,8064,4.667257820245718e-06
short-axis,1979-7,336,2012,1.1991519399608608e-06
shp-2,1996-8,159,2656,2.3656788481301623e-06
shr,1975-2,413,36192,2.0903462130312892e-05
sicam-1,1991-12,206,4380,3.2290393435442636e-06
signal-regulated,1990-7,217,11168,7.901012850986083e-06
sil-2r,1987-3,250,4018,2.6357061275122363e-06
simvastatin,1987-9,256,10650,7.050797462373107e-06
singleton,1975-1,391,9272,5.352532141060724e-06
skinfold,1974-9,412,5496,3.1718949551982045e-06
sling,1975-1,383,4285,2.4736410940946078e-06
smad,1996-6,154,4680,4.1335804355920955e-06
smad1,1996-6,149,1416,1.2506730548714546e-06
smad3,1996-10,146,3598,3.232683101080087e-06
smad4,1997-4,151,3326,3.0706581389227747e-06
smads,1996-10,152,1571,1.4114911483593152e-06
so2,1975-1,388,5264,3.0387973674011704e-06
soc,1975-1,405,8455,4.880895087647587e-06
sociodemographic,1975-2,382,11610,6.705603319322852e-06
sod,1975-9,390,29400,1.704477123275066e-05
somatostatin,1973-3,422,33188,1.9136255681594848e-05
sonographic,1975-3,402,16065,9.283338104067656e-06
sonography,1975-1,414,27034,1.5606164139499097e-05
sphaeroides,1975-5,393,3252,1.8811808733456827e-06
spirometry,1972-5,415,7755,4.469478485568227e-06
splenocytes,1972-1,416,13628,7.852872422297436e-06
spliced,1975-9,374,12415,7.197647444033995e-06
spliceosome,1985-5,267,1840,1.170296202744872e-06
sprague,1974-3,391,2844,1.640820330963015e-06
sr141716a,1994-8,167,1225,9.946044228355272e-07
sr2+,1974-1,391,2468,1.4237339299356916e-06
src,1975-2,400,22462,1.2973407558882851e-05
ssris,1991-12,201,4809,3.5453082655489413e-06
stabilisation,1975-2,389,3423,1.977026715076841e-06
stance,1974-12,382,7140,4.121467276314953e-06
standardised,1975-2,413,10926,6.310544519114684e-06
stat1,1994-4,186,6561,5.2554436080740005e-06
stat3,1994-4,185,13353,1.0695921124617e-05
stat5,1994-9,180,4928,4.0150432099756854e-06
stat5a,1995-5,160,1364,1.144226798153336e-06
stat6,1995-6,171,2721,2.290825425014164e-06
staurosporine,1986-3,267,9198,5.929497883376188e-06
stenoses,1974-1,421,14749,8.508367800900127e-06
stenotrophomonas,1993-7,179,1048,8.156523886396934e-07
stent,1975-1,393,51012,2.94481632419963e-05
sternotomy,1975-1,410,5617,3.242576902107214e-06
sti571,1999-11,113,1598,1.7406151794359505e-06
strategies,1971-5,425,166202,9.573953840889121e-05
structure-based,1990-9,209,2979,2.116958181745229e-06
subchondral,1975-1,397,4369,2.522132541446754e-06
subependymal,1975-1,384,1689,9.750244592592282e-07
subgingival,1975-1,383,4781,2.7599715451263293e-06
subglottic,1975-1,385,2839,1.6388954646755174e-06
subregion,1975-2,394,2133,1.231959679596524e-06
subretinal,1975-1,408,5520,3.186580825998188e-06
subscales,1975-3,387,10773,6.225297316845369e-06
subtests,1975-2,396,2474,1.4289115083552744e-06
sulbactam,1982-4,300,2181,1.331625161291266e-06
sulfate-polyacrylamide,1970-9,451,12303,7.084916844112746e-06
sulpiride,1975-2,408,4566,2.6371907627931215e-06
sumatriptan,1989-4,235,4779,3.2704295375790355e-06
superantigens,1989-5,234,2403,1.6480010917434582e-06
suprasellar,1975-1,397,2547,1.4703299572132944e-06
synapsin,1983-2,297,2811,1.7313430688016722e-06
synaptophysin,1986-3,274,4478,2.8867461971905384e-06
synaptotagmin,1991-1,209,2232,1.6014960923929444e-06
syntaxin,1992-9,198,4016,3.0341310543120754e-06
synthesised,1974-1,414,5776,3.332045048342202e-06
t-cell,1971-11,433,103137,5.942500377410742e-05
t-cells,1972-7,424,15680,9.037719658462083e-06
t-dependent,1975-1,389,1440,8.31281954608223e-07
t-lymphocyte,1973-8,421,8247,4.756315715376263e-06
t-lymphocytes,1973-8,421,8307,4.790919685659103e-06
t-lymphotropic,1983-5,296,1243,7.679431767421493e-07
t-pa,1983-2,313,13412,8.260680625673435e-06
t-test,1975-1,398,11637,6.717797295677702e-06
t1-weighted,1983-8,298,10542,6.534277882726016e-06
t2-weighted,1983-8,299,14261,8.839436244124047e-06
ta100,1975-3,389,2661,1.5376883096746985e-06
ta98,1975-3,384,2956,1.7081573255912848e-06
tachyarrhythmias,1975-1,409,5164,2.9810694538867107e-06
tacrolimus,1992-6,197,12994,9.735970366487483e-06
tamoxifen,1975-4,394,26522,1.5334401027478182e-05
taqman,1996-10,148,4122,3.703479639425269e-06
tardive,1975-1,403,3486,2.012395065114073e-06
taxol,1978-10,340,8440,5.001409084788318e-06
tazobactam,1989-3,228,1991,1.3595984017011886e-06
tc-99m,1975-12,388,6741,3.915153531700311e-06
tcdd,1975-3,380,13664,7.895893672827914e-06
tcrs,1987-4,248,1876,1.2324588188125324e-06
technetium-99m,1974-6,406,3556,2.0519401221090985e-06
teicoplanin,1984-4,293,4092,2.5602349229520387e-06
telithromycin,1999-8,115,1599,1.7096547704386398e-06
temporomandibular,1975-1,413,8680,5.0107828930551216e-06
tenascin,1986-10,259,3904,2.5418686856521285e-06
tenascin-c,1994-2,182,1926,1.532504686989737e-06
tension-type,1989-2,227,2421,1.6498400855186602e-06
test-retest,1975-3,405,10296,5.9496575860243125e-06
tfpi,1991-10,207,4298,3.1524301095371107e-06
tgf-alpha,1983-6,289,7586,4.691599845646736e-06
tgf-beta,1983-6,306,60805,3.760515800349984e-05
tgfbeta1,1995-9,165,4183,3.5614359861446603e-06
thallium-201,1975-2,390,4079,2.355913517615669e-06
thrice,1975-3,385,2267,1.3100110477386478e-06
thrombosed,1974-10,406,2632,1.5191008520551259e-06
thromboxane,1975-8,405,21986,1.2739587318932965e-05
thy-1,1974-3,413,5596,3.228562085818928e-06
thymocyte,1971-6,425,7727,4.451252741861085e-06
thyrotropin-releasing,1970-6,434,3682,2.1201408405990375e-06
timi,1987-4,249,4300,2.8249322606044185e-06
timolol,1975-2,403,6541,3.7778941698269403e-06
timp-1,1990-4,218,9945,6.986844586599664e-06
timp-2,1989-10,228,5006,3.4697797512111223e-06
tinnitus,1975-1,398,8617,4.9744143075410115e-06
tlr4,1998-1,131,9726,9.374474700861944e-06
tmj,1975-2,394,9260,5.348310657788942e-06
tn5,1978-2,357,3133,1.8478999638475743e-06
tnf-alpha,1985-9,283,105594,6.750927953387738e-05
tnfr,1990-8,210,2079,1.4740208023798418e-06
tnm,1973-10,395,6524,3.762949077640705e-06
tobramycin,1971-12,444,7360,4.2408446332607275e-06
tomograms,1975-2,404,1975,1.1407034070338185e-06
tomographic,1975-1,417,20441,1.1800162801490754e-05
topoisomerase,1978-7,357,18975,1.1224277500710554e-05
topotecan,1991-2,207,4414,3.1745162527540376e-06
towns,1974-5,397,3309,1.9093059964320756e-06
tp53,1990-11,218,6448,4.604221873236295e-06
traf2,1994-8,171,1354,1.0993423579749417e-06
transactivating,1986-4,258,1462,9.43817448466273e-07
transcatheter,1975-6,396,6125,3.5450091950651076e-06
transcriptase,1970-6,455,21540,1.2402996661190458e-05
transcriptase-pcr,1992-6,204,1440,1.0789439224058777e-06
transcriptase-polymerase,1989-12,232,9081,6.322002172811092e-06
transcription-polymerase,1989-7,237,12800,8.81624984723092e-06
transcriptionally,1974-6,402,9426,5.439141617266694e-06
transgene,1985-5,280,26745,1.7010636925223695e-05
transgenes,1986-8,258,5636,3.659194053744737e-06
transgenic,1982-6,304,91519,5.5973271462914824e-05
transluminal,1975-9,381,9674,5.608541391347956e-06
transposable,1976-4,382,4034,2.3485619006492517e-06
transposon,1975-10,388,9568,5.550485780569102e-06
transthyretin,1983-3,294,2932,1.807641815887622e-06
trastuzumab,1999-2,124,4392,4.535421507209809e-06
trh,1972-1,433,25354,1.460975399140954e-05
triacylglycerol,1974-3,418,9351,5.3949757084511784e-06
triacylglycerols,1972-5,417,4349,2.5064812293663723e-06
trichinella,1974-2,396,2960,1.7076454952182032e-06
trimethoprim-sulfamethoxazole,1973-11,396,3128,1.8042770632353519e-06
troglitazone,1994-3,177,4345,3.468651415009322e-06
truncal,1971-12,430,3525,2.0311110505766393e-06
tubulin,1971-9,430,20581,1.1857231546258726e-05
tumor-free,1974-11,393,2528,1.4591736991292013e-06
tumoral,1973-6,411,7212,4.159033503725857e-06
tumoricidal,1975-1,379,2578,1.4882256104027768e-06
tunel,1994-5,183,12159,9.773140028580973e-06
tunel-positive,1994-7,173,2237,1.8104887427148497e-06
tunicamycin,1975-4,384,3974,2.297673994540317e-06
tv,1974-6,398,6741,3.88979987714776e-06
two-hybrid,1991-11,206,10324,7.592339644934853e-06
tx,1975-1,388,7663,4.423690012613064e-06
txa2,1977-10,370,7975,4.693671786647054e-06
txb2,1977-4,361,7890,4.62810645294771e-06
u0126,1998-5,130,3254,3.200683204813837e-06
u937,1980-7,334,10879,6.535728629314094e-06
ubiquitin-proteasome,1994-9,171,2568,2.092254659743823e-06
ucp1,1997-3,146,1782,1.6376783973646855e-06
ucp2,1997-3,150,2539,2.33337006223846e-06
ultrasonographic,1975-7,395,11653,6.748490559765425e-06
unilamellar,1975-7,396,4536,2.626890344039815e-06
univariate,1975-1,396,32542,1.878581761587555e-05
unremarkable,1974-11,395,3369,1.944602924195522e-06
unresectable,1974-10,407,8295,4.78759178107799e-06
up-regulation,1979-12,327,30734,1.837772157132691e-05
ureaplasma,1975-7,380,1971,1.141446399493491e-06
urodynamic,1974-8,413,7605,4.388825373778583e-06
urothelial,1974-5,401,8837,5.098983708211016e-06
urothelium,1975-1,383,3642,2.1024506101966306e-06
usa,1970-10,437,26580,1.5307181468364557e-05
uti,1975-12,377,8625,5.009375346523539e-06
utilising,1974-11,381,2566,1.481107480999023e-06
uva,1975-4,381,8131,4.701154315452269e-06
valproate,1975-4,395,7729,4.468727303422776e-06
valproic,1976-12,379,4937,2.8885241364129013e-06
varicocele,1975-3,378,4423,2.5558795166069865e-06
vasorelaxation,1983-12,282,3486,2.1706396856411115e-06
vcam-1,1989-12,231,10569,7.357916635220838e-06
vd,1972-10,409,6934,3.997205092402394e-06
vecuronium,1982-4,316,4870,2.9734133587750874e-06
vehicle-treated,1975-2,382,6858,3.9609842862976845e-06
ventilator,1975-1,409,9529,5.500892878792886e-06
ventriculoperitoneal,1975-1,384,2080,1.2007406011007664e-06
vep,1975-2,392,4776,2.7584807453131734e-06
verapamil,1975-1,417,30141,1.7399770412393366e-05
vertebrobasilar,1975-4,379,2259,1.3061010452105124e-06
vesicoureteral,1975-1,395,3686,2.127850892142993e-06
victim,1974-9,409,6022,3.475464232205893e-06
video,1975-1,415,24042,1.3878944967146455e-05
videotaped,1975-1,392,3758,2.169414989873404e-06
vienna,1975-1,395,2415,1.3941291113742073e-06
vimentin,1978-10,359,16521,9.790080508268696e-06
vinculin,1980-7,337,3731,2.241456339366751e-06
vip,1974-9,409,27363,1.579195081133342e-05
virol,1974-9,385,3190,1.8410380107500494e-06
visualisation,1975-4,381,2469,1.427518141046815e-06
visualised,1975-7,379,2085,1.2074661303622165e-06
visualizing,1974-3,398,3147,1.8156334674896653e-06
vitrectomy,1975-1,415,9006,5.198975891112261e-06
vitronectin,1983-7,288,5589,3.460482249314205e-06
vl,1975-3,400,8658,5.003121151884081e-06
vntr,1988-5,251,3511,2.3550404140496698e-06
vo2max,1975-1,395,10411,6.010053075990423e-06
volunteered,1975-1,383,2651,1.5303669872683326e-06
voriconazole,1996-8,147,3550,3.161957797764336e-06
vsd,1974-11,404,4789,2.7642337203836014e-06
vt,1972-10,416,28261,1.6291464250992796e-05
waf1,1993-11,187,6651,5.240992051412639e-06
web-based,1996-10,149,4438,3.987395109114349e-06
website,1997-1,144,2739,2.4951084987500237e-06
websites,1998-3,128,1789,1.741379033468213e-06
wechsler,1975-1,401,3013,1.7393420341906775e-06
well-controlled,1975-1,380,3243,1.8721162352739355e-06
wga,1975-1,390,4735,2.7334167049096774e-06
willingness,1973-3,403,7301,4.20976867335555e-06
wistar-kyoto,1975-5,393,5499,3.1810004989323216e-06
within-run,1975-4,380,1567,9.060028055975534e-07
wky,1975-7,386,20560,1.1906716374219267e-05
workup,1973-1,412,6547,3.774651780460148e-06
worsened,1974-11,418,9388,5.418798531418094e-06
www,1994-9,175,8445,6.880486994367829e-06
xa,1973-1,406,8269,4.767465338723837e-06
xylazine,1975-6,377,3399,1.967263061881845e-06
y-27632,1997-10,134,1899,1.803095441453604e-06
yrs,1975-2,382,10352,5.9790185668932094e-06
z-vad-fmk,1996-2,155,1330,1.1554730016913258e-06
zidovudine,1987-4,266,8373,5.500734376288557e-06
zinc-finger,1987-12,256,2313,1.5386149148664112e-06
zn2+,1971-12,420,10794,6.219521327638083e-06
zvad-fmk,1996-5,149,731,6.430882752179092e-07
