word,time origin,end point
-cp-96,1991-4,1996-4
-dmnq,1997-12,2001-10
-p-adenosine,1992-4,1997-7
0-kilobase-pair,1982-12,1990-6
1-agp,1980-10,1998-8
111in-dtpa-igg,1993-11,1998-2
125i-lpl,1989-3,1995-10
2-c10,1990-1,1996-2
2-c4,1990-1,1996-2
2-di-n-propylamino-5,1981-7,1987-7
2h4+,1985-6,1994-3
311c90,1994-6,1998-12
3fe-3s,1980-3,1985-12
3h-l-arginine,1992-6,2001-7
4-acetyl-3-methoxy-2-propylphenoxy,1989-6,1995-5
50-microns,1987-1,1998-5
557a,1985-3,1991-5
6-dichlorobenzene,1995-4,2002-8
6-oxo-pge1,1981-7,1987-9
99tcm-hmpao,1987-7,2000-8
99tcm-sestamibi,1991-10,2001-5
99tcm-tetrofosmin,1995-8,2001-6
@www,1994-9,2000-3
a-crybp1,1990-7,1995-1
a1110u,1989-2,1993-3
a63162,1990-7,1996-11
accolate,1996-10,2003-3
acculevel,1987-6,1991-9
activitrax,1985-9,1995-1
am-1155,1992-10,1999-8
anf-infused,1985-7,1990-1
anti-atla,1982-6,1991-5
anti-cp9,1990-8,1994-3
anti-tcr-alpha,1989-6,1998-6
apg12p,1998-12,2004-9
apg7p,1998-12,2003-10
apo-1-mediated,1992-11,1998-3
at1-selective,1992-3,2000-3
azmacort,1996-9,2001-11
b*4801,1997-4,2002-7
b2036,1999-5,2003-11
b759u,1985-4,1989-3
baf-b03,1991-2,2004-5
bb3+,1988-7,1994-12
beta-hydroxy-5-ene-steroid,1986-10,1994-9
bgdf,1982-10,1986-12
bogden,1985-8,1990-3
boots-celltech,1985-11,1990-6
bot8,1986-7,1990-1
bpm2,1994-9,2000-6
bw51,1978-10,1984-10
cd-349,1987-10,1994-3
cd3-ti,1986-1,1992-7
cereport,1998-8,2004-9
cgp57148b,1997-11,2003-5
ci-934,1985-12,1990-9
ci-973,1991-2,1996-3
cimoxatone,1983-1,1989-8
circresaha,2000-2,2004-1
cp-060s,1996-9,2002-3
crossflex,1999-2,2003-5
cyp2a-5,1992-8,1996-5
cyp2d6b,1992-1,1999-10
d-ala10,1981-9,1999-10
d-cit6,1988-3,1996-8
d0870,1993-5,2000-7
d15s63,1992-11,2001-7
d4s10,1986-8,1994-2
d5s6,1991-4,1995-4
da2-receptors,1985-3,1992-9
delta-tcr+,1988-12,1996-10
detirelix,1987-5,1994-7
dff35,1999-7,2003-7
dnsf1,1998-12,2002-6
dpgj2,1999-12,2003-6
dpoes,1990-11,1998-9
dqw4,1988-9,1993-3
dqw9,1988-9,1992-4
drada,1993-8,2000-5
drw17,1988-11,1992-12
dxs14,1986-10,1994-4
er4g,1996-11,2000-1
evx-1,1991-5,1995-5
fdc-p2,1984-2,1998-1
fiskeville,1982-1,1989-5
funipuncture,1989-3,2000-6
gi3alpha,1996-5,2002-1
gp39-cd40,1992-12,1997-8
grf-,1984-6,1999-7
hbgf-1,1987-7,1993-12
hbgf-2,1987-3,1993-12
hbgg,1995-6,2003-9
helisal,1996-3,2002-4
hepg2-type,1988-9,1992-4
hmsa-2,1987-2,1991-4
hon1,1976-3,1985-7
hosipcosi,1992-2,2000-5
hoxa-3,1993-11,1998-6
hpge-1000,1995-3,1999-3
hpgrf-44,1982-11,1986-12
hpmvs,1991-7,1995-1
hypercard,1988-11,1996-6
ige-bf,1984-12,1991-12
ilvgeda,1980-4,1985-10
indeloxazine,1985-5,1999-9
iodohydroxybenzylpindolol,1976-3,1986-7
j-correlated,1983-4,1996-5
l-649,1986-6,1993-10
l-n6-phenylisopropyladenosine,1983-9,1993-2
l364718,1989-8,1994-9
l526m,1999-6,2004-8
lerk-2,1994-11,1998-1
leu-11b,1985-2,1994-8
leu-19+,1986-6,1990-4
leu-2a,1982-4,1993-10
leumedins,1993-3,1998-9
lifarizine,1993-5,1998-2
ly-24,1987-2,1992-3
ly333328,1996-6,2004-10
lyb-5-,1982-3,1986-7
lyt-1+2+,1980-11,1990-1
lyt-1+2-,1981-3,1991-2
m13mp9,1982-9,1994-10
m552v,1998-12,2004-8
mabq113,1985-10,1990-1
mabq113+,1985-10,1989-1
madr2,1996-8,2001-6
mk-733,1986-10,1993-6
mom19,1989-12,1996-7
mom72,1990-7,1995-11
monatepil,1993-7,1998-11
narkodata,1999-1,2003-10
nedd2,1994-7,2000-9
neurocatin,1990-7,1994-2
nkh-1+,1987-2,1991-4
nn703,1999-5,2003-5
nth15,1997-8,2001-3
okt11a,1981-12,1987-3
okt3-positive,1981-9,1989-6
okt6,1980-3,1998-6
omega-aga-iva-sensitive,1994-3,2000-1
omega-nitro-d-arginine,1992-5,1998-10
opc-17116,1992-3,1997-5
p-450d,1982-11,1991-5
p21n-ras,1986-8,1995-2
p28sis,1982-12,1987-10
p2z,1991-1,2004-8
p450ia2,1987-11,1997-8
p450iib2,1988-6,1993-3
p450j,1986-12,1992-10
p450p,1989-5,1993-3
p74raf-1,1992-10,1997-7
panel-gates,1990-9,1998-5
pca-1+,1987-4,1994-5
periventricular-hypophysial,1992-8,1996-3
pesetas,1989-5,2004-2
polymarker,1996-7,2003-10
psbetag,1976-5,1980-2
pt-01,1988-12,1992-1
rer-positive,1994-7,2001-10
rgsta2,1996-7,2004-2
rhdb,1997-1,2001-1
rhum-csf,1989-9,1994-1
riib1,1992-4,2002-11
rotacs,1991-1,1995-7
rscu-pa,1986-11,1997-4
rt6+,1987-8,1999-4
rx781094,1983-4,1989-12
s-cd44,1996-12,2000-5
sb224,1999-8,2003-8
sc-52458,1993-10,1997-10
sch58500,1999-12,2003-5
si-27,1999-10,2004-8
sivsmmpbj14,1991-9,1999-10
sm-20220,1999-10,2004-1
smg-25a,1988-8,1992-6
spermine-no,1994-3,2003-8
stnfr-p75,1993-10,1998-4
synchropak,1983-8,1993-2
s≈Çupsk,1998-5,2002-9
tcdb-10463,1997-7,2003-4
te-031,1986-12,1990-5
tfiiib70,1993-10,2002-1
tfiiib90,1995-7,2002-1
thermoseparating,1996-6,2004-11
thy-all,1980-2,1984-1
ticlopidin,1996-2,2004-7
tlmv,2000-9,2004-2
tnfr60,1994-1,1999-8
tnp-self,1978-4,1990-2
trbap,1994-10,1998-8
trimoprostil,1983-8,1989-6
tymstr,1997-9,2001-4
tzp-4238,1990-12,1997-4
u-74006f,1988-10,2000-7
uasntr,1991-7,1996-10
ucp3l,1997-5,2002-4
variglass,1993-6,2002-6
vh4-21,1991-6,1997-6
viiicag,1980-10,1986-1
vsrm,1998-1,2003-5
vx-478,1995-8,2000-5
wy-45,1985-8,1989-2
xemilofiban,1996-9,2002-12
ym114,1993-12,1997-7
zd6169,1995-6,2004-1
