word,time origin,end point,kl1976-1,kl1976-2,kl1976-3,kl1976-4,kl1976-5,kl1976-6,kl1976-7,kl1976-8,kl1976-9,kl1976-10,kl1976-11,kl1976-12,kl1977-1,kl1977-2,kl1977-3,kl1977-4,kl1977-5,kl1977-6,kl1977-7,kl1977-8,kl1977-9,kl1977-10,kl1977-11,kl1977-12,kl1978-1,kl1978-2,kl1978-3,kl1978-4,kl1978-5,kl1978-6,kl1978-7,kl1978-8,kl1978-9,kl1978-10,kl1978-11,kl1978-12,kl1979-1,kl1979-2,kl1979-3,kl1979-4,kl1979-5,kl1979-6,kl1979-7,kl1979-8,kl1979-9,kl1979-10,kl1979-11,kl1979-12,kl1980-1,kl1980-2,kl1980-3,kl1980-4,kl1980-5,kl1980-6,kl1980-7,kl1980-8,kl1980-9,kl1980-10,kl1980-11,kl1980-12,kl1981-1,kl1981-2,kl1981-3,kl1981-4,kl1981-5,kl1981-6,kl1981-7,kl1981-8,kl1981-9,kl1981-10,kl1981-11,kl1981-12,kl1982-1,kl1982-2,kl1982-3,kl1982-4,kl1982-5,kl1982-6,kl1982-7,kl1982-8,kl1982-9,kl1982-10,kl1982-11,kl1982-12,kl1983-1,kl1983-2,kl1983-3,kl1983-4,kl1983-5,kl1983-6,kl1983-7,kl1983-8,kl1983-9,kl1983-10,kl1983-11,kl1983-12,kl1984-1,kl1984-2,kl1984-3,kl1984-4,kl1984-5,kl1984-6,kl1984-7,kl1984-8,kl1984-9,kl1984-10,kl1984-11,kl1984-12,kl1985-1,kl1985-2,kl1985-3,kl1985-4,kl1985-5,kl1985-6,kl1985-7,kl1985-8,kl1985-9,kl1985-10,kl1985-11,kl1985-12,kl1986-1,kl1986-2,kl1986-3,kl1986-4,kl1986-5,kl1986-6,kl1986-7,kl1986-8,kl1986-9,kl1986-10,kl1986-11,kl1986-12,kl1987-1,kl1987-2,kl1987-3,kl1987-4,kl1987-5,kl1987-6,kl1987-7,kl1987-8,kl1987-9,kl1987-10,kl1987-11,kl1987-12,kl1988-1,kl1988-2,kl1988-3,kl1988-4,kl1988-5,kl1988-6,kl1988-7,kl1988-8,kl1988-9,kl1988-10,kl1988-11,kl1988-12,kl1989-1,kl1989-2,kl1989-3,kl1989-4,kl1989-5,kl1989-6,kl1989-7,kl1989-8,kl1989-9,kl1989-10,kl1989-11,kl1989-12,kl1990-1,kl1990-2,kl1990-3,kl1990-4,kl1990-5,kl1990-6,kl1990-7,kl1990-8,kl1990-9,kl1990-10,kl1990-11,kl1990-12,kl1991-1,kl1991-2,kl1991-3,kl1991-4,kl1991-5,kl1991-6,kl1991-7,kl1991-8,kl1991-9,kl1991-10,kl1991-11,kl1991-12,kl1992-1,kl1992-2,kl1992-3,kl1992-4,kl1992-5,kl1992-6,kl1992-7,kl1992-8,kl1992-9,kl1992-10,kl1992-11,kl1992-12,kl1993-1,kl1993-2,kl1993-3,kl1993-4,kl1993-5,kl1993-6,kl1993-7,kl1993-8,kl1993-9,kl1993-10,kl1993-11,kl1993-12,kl1994-1,kl1994-2,kl1994-3,kl1994-4,kl1994-5,kl1994-6,kl1994-7,kl1994-8,kl1994-9,kl1994-10,kl1994-11,kl1994-12,kl1995-1,kl1995-2,kl1995-3,kl1995-4,kl1995-5,kl1995-6,kl1995-7,kl1995-8,kl1995-9,kl1995-10,kl1995-11,kl1995-12,kl1996-1,kl1996-2,kl1996-3,kl1996-4,kl1996-5,kl1996-6,kl1996-7,kl1996-8,kl1996-9,kl1996-10,kl1996-11,kl1996-12,kl1997-1,kl1997-2,kl1997-3,kl1997-4,kl1997-5,kl1997-6,kl1997-7,kl1997-8,kl1997-9,kl1997-10,kl1997-11,kl1997-12,kl1998-1,kl1998-2,kl1998-3,kl1998-4,kl1998-5,kl1998-6,kl1998-7,kl1998-8,kl1998-9,kl1998-10,kl1998-11,kl1998-12,kl1999-1,kl1999-2,kl1999-3,kl1999-4,kl1999-5,kl1999-6,kl1999-7,kl1999-8,kl1999-9,kl1999-10,kl1999-11,kl1999-12,kl2000-1,kl2000-2,kl2000-3,kl2000-4,kl2000-5,kl2000-6,kl2000-7,kl2000-8,kl2000-9,kl2000-10,kl2000-11,kl2000-12,kl2001-1,kl2001-2,kl2001-3,kl2001-4,kl2001-5,kl2001-6,kl2001-7,kl2001-8,kl2001-9,kl2001-10,kl2001-11,kl2001-12,kl2002-1,kl2002-2,kl2002-3,kl2002-4,kl2002-5,kl2002-6,kl2002-7,kl2002-8,kl2002-9,kl2002-10,kl2002-11,kl2002-12,kl2003-1,kl2003-2,kl2003-3,kl2003-4,kl2003-5,kl2003-6,kl2003-7,kl2003-8,kl2003-9,kl2003-10,kl2003-11,kl2003-12,kl2004-1,kl2004-2,kl2004-3,kl2004-4,kl2004-5,kl2004-6,kl2004-7,kl2004-8,kl2004-9,kl2004-10,kl2004-11,kl2004-12,kl2005-1,kl2005-2,kl2005-3,kl2005-4,kl2005-5,kl2005-6,kl2005-7,kl2005-8,kl2005-9,kl2005-10,kl2005-11,kl2005-12,kl2006-1,kl2006-2,kl2006-3,kl2006-4,kl2006-5,kl2006-6,kl2006-7,kl2006-8,kl2006-9,kl2006-10,kl2006-11,kl2006-12,kl2007-1,kl2007-2,kl2007-3,kl2007-4,kl2007-5,kl2007-6,kl2007-7,kl2007-8,kl2007-9,kl2007-10,kl2007-11,kl2007-12,kl2008-1,kl2008-2,kl2008-3,kl2008-4,kl2008-5,kl2008-6,kl2008-7,kl2008-8,kl2008-9,kl2008-10,kl2008-11,kl2008-12,kl2009-1,kl2009-2,kl2009-3,kl2009-4,kl2009-5,kl2009-6,kl2009-7,kl2009-8,kl2009-9,kl2009-10,kl2009-11,kl2009-12,tfidf1976-1,tfidf1976-2,tfidf1976-3,tfidf1976-4,tfidf1976-5,tfidf1976-6,tfidf1976-7,tfidf1976-8,tfidf1976-9,tfidf1976-10,tfidf1976-11,tfidf1976-12,tfidf1977-1,tfidf1977-2,tfidf1977-3,tfidf1977-4,tfidf1977-5,tfidf1977-6,tfidf1977-7,tfidf1977-8,tfidf1977-9,tfidf1977-10,tfidf1977-11,tfidf1977-12,tfidf1978-1,tfidf1978-2,tfidf1978-3,tfidf1978-4,tfidf1978-5,tfidf1978-6,tfidf1978-7,tfidf1978-8,tfidf1978-9,tfidf1978-10,tfidf1978-11,tfidf1978-12,tfidf1979-1,tfidf1979-2,tfidf1979-3,tfidf1979-4,tfidf1979-5,tfidf1979-6,tfidf1979-7,tfidf1979-8,tfidf1979-9,tfidf1979-10,tfidf1979-11,tfidf1979-12,tfidf1980-1,tfidf1980-2,tfidf1980-3,tfidf1980-4,tfidf1980-5,tfidf1980-6,tfidf1980-7,tfidf1980-8,tfidf1980-9,tfidf1980-10,tfidf1980-11,tfidf1980-12,tfidf1981-1,tfidf1981-2,tfidf1981-3,tfidf1981-4,tfidf1981-5,tfidf1981-6,tfidf1981-7,tfidf1981-8,tfidf1981-9,tfidf1981-10,tfidf1981-11,tfidf1981-12,tfidf1982-1,tfidf1982-2,tfidf1982-3,tfidf1982-4,tfidf1982-5,tfidf1982-6,tfidf1982-7,tfidf1982-8,tfidf1982-9,tfidf1982-10,tfidf1982-11,tfidf1982-12,tfidf1983-1,tfidf1983-2,tfidf1983-3,tfidf1983-4,tfidf1983-5,tfidf1983-6,tfidf1983-7,tfidf1983-8,tfidf1983-9,tfidf1983-10,tfidf1983-11,tfidf1983-12,tfidf1984-1,tfidf1984-2,tfidf1984-3,tfidf1984-4,tfidf1984-5,tfidf1984-6,tfidf1984-7,tfidf1984-8,tfidf1984-9,tfidf1984-10,tfidf1984-11,tfidf1984-12,tfidf1985-1,tfidf1985-2,tfidf1985-3,tfidf1985-4,tfidf1985-5,tfidf1985-6,tfidf1985-7,tfidf1985-8,tfidf1985-9,tfidf1985-10,tfidf1985-11,tfidf1985-12,tfidf1986-1,tfidf1986-2,tfidf1986-3,tfidf1986-4,tfidf1986-5,tfidf1986-6,tfidf1986-7,tfidf1986-8,tfidf1986-9,tfidf1986-10,tfidf1986-11,tfidf1986-12,tfidf1987-1,tfidf1987-2,tfidf1987-3,tfidf1987-4,tfidf1987-5,tfidf1987-6,tfidf1987-7,tfidf1987-8,tfidf1987-9,tfidf1987-10,tfidf1987-11,tfidf1987-12,tfidf1988-1,tfidf1988-2,tfidf1988-3,tfidf1988-4,tfidf1988-5,tfidf1988-6,tfidf1988-7,tfidf1988-8,tfidf1988-9,tfidf1988-10,tfidf1988-11,tfidf1988-12,tfidf1989-1,tfidf1989-2,tfidf1989-3,tfidf1989-4,tfidf1989-5,tfidf1989-6,tfidf1989-7,tfidf1989-8,tfidf1989-9,tfidf1989-10,tfidf1989-11,tfidf1989-12,tfidf1990-1,tfidf1990-2,tfidf1990-3,tfidf1990-4,tfidf1990-5,tfidf1990-6,tfidf1990-7,tfidf1990-8,tfidf1990-9,tfidf1990-10,tfidf1990-11,tfidf1990-12,tfidf1991-1,tfidf1991-2,tfidf1991-3,tfidf1991-4,tfidf1991-5,tfidf1991-6,tfidf1991-7,tfidf1991-8,tfidf1991-9,tfidf1991-10,tfidf1991-11,tfidf1991-12,tfidf1992-1,tfidf1992-2,tfidf1992-3,tfidf1992-4,tfidf1992-5,tfidf1992-6,tfidf1992-7,tfidf1992-8,tfidf1992-9,tfidf1992-10,tfidf1992-11,tfidf1992-12,tfidf1993-1,tfidf1993-2,tfidf1993-3,tfidf1993-4,tfidf1993-5,tfidf1993-6,tfidf1993-7,tfidf1993-8,tfidf1993-9,tfidf1993-10,tfidf1993-11,tfidf1993-12,tfidf1994-1,tfidf1994-2,tfidf1994-3,tfidf1994-4,tfidf1994-5,tfidf1994-6,tfidf1994-7,tfidf1994-8,tfidf1994-9,tfidf1994-10,tfidf1994-11,tfidf1994-12,tfidf1995-1,tfidf1995-2,tfidf1995-3,tfidf1995-4,tfidf1995-5,tfidf1995-6,tfidf1995-7,tfidf1995-8,tfidf1995-9,tfidf1995-10,tfidf1995-11,tfidf1995-12,tfidf1996-1,tfidf1996-2,tfidf1996-3,tfidf1996-4,tfidf1996-5,tfidf1996-6,tfidf1996-7,tfidf1996-8,tfidf1996-9,tfidf1996-10,tfidf1996-11,tfidf1996-12,tfidf1997-1,tfidf1997-2,tfidf1997-3,tfidf1997-4,tfidf1997-5,tfidf1997-6,tfidf1997-7,tfidf1997-8,tfidf1997-9,tfidf1997-10,tfidf1997-11,tfidf1997-12,tfidf1998-1,tfidf1998-2,tfidf1998-3,tfidf1998-4,tfidf1998-5,tfidf1998-6,tfidf1998-7,tfidf1998-8,tfidf1998-9,tfidf1998-10,tfidf1998-11,tfidf1998-12,tfidf1999-1,tfidf1999-2,tfidf1999-3,tfidf1999-4,tfidf1999-5,tfidf1999-6,tfidf1999-7,tfidf1999-8,tfidf1999-9,tfidf1999-10,tfidf1999-11,tfidf1999-12,tfidf2000-1,tfidf2000-2,tfidf2000-3,tfidf2000-4,tfidf2000-5,tfidf2000-6,tfidf2000-7,tfidf2000-8,tfidf2000-9,tfidf2000-10,tfidf2000-11,tfidf2000-12,tfidf2001-1,tfidf2001-2,tfidf2001-3,tfidf2001-4,tfidf2001-5,tfidf2001-6,tfidf2001-7,tfidf2001-8,tfidf2001-9,tfidf2001-10,tfidf2001-11,tfidf2001-12,tfidf2002-1,tfidf2002-2,tfidf2002-3,tfidf2002-4,tfidf2002-5,tfidf2002-6,tfidf2002-7,tfidf2002-8,tfidf2002-9,tfidf2002-10,tfidf2002-11,tfidf2002-12,tfidf2003-1,tfidf2003-2,tfidf2003-3,tfidf2003-4,tfidf2003-5,tfidf2003-6,tfidf2003-7,tfidf2003-8,tfidf2003-9,tfidf2003-10,tfidf2003-11,tfidf2003-12,tfidf2004-1,tfidf2004-2,tfidf2004-3,tfidf2004-4,tfidf2004-5,tfidf2004-6,tfidf2004-7,tfidf2004-8,tfidf2004-9,tfidf2004-10,tfidf2004-11,tfidf2004-12,tfidf2005-1,tfidf2005-2,tfidf2005-3,tfidf2005-4,tfidf2005-5,tfidf2005-6,tfidf2005-7,tfidf2005-8,tfidf2005-9,tfidf2005-10,tfidf2005-11,tfidf2005-12,tfidf2006-1,tfidf2006-2,tfidf2006-3,tfidf2006-4,tfidf2006-5,tfidf2006-6,tfidf2006-7,tfidf2006-8,tfidf2006-9,tfidf2006-10,tfidf2006-11,tfidf2006-12,tfidf2007-1,tfidf2007-2,tfidf2007-3,tfidf2007-4,tfidf2007-5,tfidf2007-6,tfidf2007-7,tfidf2007-8,tfidf2007-9,tfidf2007-10,tfidf2007-11,tfidf2007-12,tfidf2008-1,tfidf2008-2,tfidf2008-3,tfidf2008-4,tfidf2008-5,tfidf2008-6,tfidf2008-7,tfidf2008-8,tfidf2008-9,tfidf2008-10,tfidf2008-11,tfidf2008-12,tfidf2009-1,tfidf2009-2,tfidf2009-3,tfidf2009-4,tfidf2009-5,tfidf2009-6,tfidf2009-7,tfidf2009-8,tfidf2009-9,tfidf2009-10,tfidf2009-11,tfidf2009-12,rtf1976-1,rtf1976-2,rtf1976-3,rtf1976-4,rtf1976-5,rtf1976-6,rtf1976-7,rtf1976-8,rtf1976-9,rtf1976-10,rtf1976-11,rtf1976-12,rtf1977-1,rtf1977-2,rtf1977-3,rtf1977-4,rtf1977-5,rtf1977-6,rtf1977-7,rtf1977-8,rtf1977-9,rtf1977-10,rtf1977-11,rtf1977-12,rtf1978-1,rtf1978-2,rtf1978-3,rtf1978-4,rtf1978-5,rtf1978-6,rtf1978-7,rtf1978-8,rtf1978-9,rtf1978-10,rtf1978-11,rtf1978-12,rtf1979-1,rtf1979-2,rtf1979-3,rtf1979-4,rtf1979-5,rtf1979-6,rtf1979-7,rtf1979-8,rtf1979-9,rtf1979-10,rtf1979-11,rtf1979-12,rtf1980-1,rtf1980-2,rtf1980-3,rtf1980-4,rtf1980-5,rtf1980-6,rtf1980-7,rtf1980-8,rtf1980-9,rtf1980-10,rtf1980-11,rtf1980-12,rtf1981-1,rtf1981-2,rtf1981-3,rtf1981-4,rtf1981-5,rtf1981-6,rtf1981-7,rtf1981-8,rtf1981-9,rtf1981-10,rtf1981-11,rtf1981-12,rtf1982-1,rtf1982-2,rtf1982-3,rtf1982-4,rtf1982-5,rtf1982-6,rtf1982-7,rtf1982-8,rtf1982-9,rtf1982-10,rtf1982-11,rtf1982-12,rtf1983-1,rtf1983-2,rtf1983-3,rtf1983-4,rtf1983-5,rtf1983-6,rtf1983-7,rtf1983-8,rtf1983-9,rtf1983-10,rtf1983-11,rtf1983-12,rtf1984-1,rtf1984-2,rtf1984-3,rtf1984-4,rtf1984-5,rtf1984-6,rtf1984-7,rtf1984-8,rtf1984-9,rtf1984-10,rtf1984-11,rtf1984-12,rtf1985-1,rtf1985-2,rtf1985-3,rtf1985-4,rtf1985-5,rtf1985-6,rtf1985-7,rtf1985-8,rtf1985-9,rtf1985-10,rtf1985-11,rtf1985-12,rtf1986-1,rtf1986-2,rtf1986-3,rtf1986-4,rtf1986-5,rtf1986-6,rtf1986-7,rtf1986-8,rtf1986-9,rtf1986-10,rtf1986-11,rtf1986-12,rtf1987-1,rtf1987-2,rtf1987-3,rtf1987-4,rtf1987-5,rtf1987-6,rtf1987-7,rtf1987-8,rtf1987-9,rtf1987-10,rtf1987-11,rtf1987-12,rtf1988-1,rtf1988-2,rtf1988-3,rtf1988-4,rtf1988-5,rtf1988-6,rtf1988-7,rtf1988-8,rtf1988-9,rtf1988-10,rtf1988-11,rtf1988-12,rtf1989-1,rtf1989-2,rtf1989-3,rtf1989-4,rtf1989-5,rtf1989-6,rtf1989-7,rtf1989-8,rtf1989-9,rtf1989-10,rtf1989-11,rtf1989-12,rtf1990-1,rtf1990-2,rtf1990-3,rtf1990-4,rtf1990-5,rtf1990-6,rtf1990-7,rtf1990-8,rtf1990-9,rtf1990-10,rtf1990-11,rtf1990-12,rtf1991-1,rtf1991-2,rtf1991-3,rtf1991-4,rtf1991-5,rtf1991-6,rtf1991-7,rtf1991-8,rtf1991-9,rtf1991-10,rtf1991-11,rtf1991-12,rtf1992-1,rtf1992-2,rtf1992-3,rtf1992-4,rtf1992-5,rtf1992-6,rtf1992-7,rtf1992-8,rtf1992-9,rtf1992-10,rtf1992-11,rtf1992-12,rtf1993-1,rtf1993-2,rtf1993-3,rtf1993-4,rtf1993-5,rtf1993-6,rtf1993-7,rtf1993-8,rtf1993-9,rtf1993-10,rtf1993-11,rtf1993-12,rtf1994-1,rtf1994-2,rtf1994-3,rtf1994-4,rtf1994-5,rtf1994-6,rtf1994-7,rtf1994-8,rtf1994-9,rtf1994-10,rtf1994-11,rtf1994-12,rtf1995-1,rtf1995-2,rtf1995-3,rtf1995-4,rtf1995-5,rtf1995-6,rtf1995-7,rtf1995-8,rtf1995-9,rtf1995-10,rtf1995-11,rtf1995-12,rtf1996-1,rtf1996-2,rtf1996-3,rtf1996-4,rtf1996-5,rtf1996-6,rtf1996-7,rtf1996-8,rtf1996-9,rtf1996-10,rtf1996-11,rtf1996-12,rtf1997-1,rtf1997-2,rtf1997-3,rtf1997-4,rtf1997-5,rtf1997-6,rtf1997-7,rtf1997-8,rtf1997-9,rtf1997-10,rtf1997-11,rtf1997-12,rtf1998-1,rtf1998-2,rtf1998-3,rtf1998-4,rtf1998-5,rtf1998-6,rtf1998-7,rtf1998-8,rtf1998-9,rtf1998-10,rtf1998-11,rtf1998-12,rtf1999-1,rtf1999-2,rtf1999-3,rtf1999-4,rtf1999-5,rtf1999-6,rtf1999-7,rtf1999-8,rtf1999-9,rtf1999-10,rtf1999-11,rtf1999-12,rtf2000-1,rtf2000-2,rtf2000-3,rtf2000-4,rtf2000-5,rtf2000-6,rtf2000-7,rtf2000-8,rtf2000-9,rtf2000-10,rtf2000-11,rtf2000-12,rtf2001-1,rtf2001-2,rtf2001-3,rtf2001-4,rtf2001-5,rtf2001-6,rtf2001-7,rtf2001-8,rtf2001-9,rtf2001-10,rtf2001-11,rtf2001-12,rtf2002-1,rtf2002-2,rtf2002-3,rtf2002-4,rtf2002-5,rtf2002-6,rtf2002-7,rtf2002-8,rtf2002-9,rtf2002-10,rtf2002-11,rtf2002-12,rtf2003-1,rtf2003-2,rtf2003-3,rtf2003-4,rtf2003-5,rtf2003-6,rtf2003-7,rtf2003-8,rtf2003-9,rtf2003-10,rtf2003-11,rtf2003-12,rtf2004-1,rtf2004-2,rtf2004-3,rtf2004-4,rtf2004-5,rtf2004-6,rtf2004-7,rtf2004-8,rtf2004-9,rtf2004-10,rtf2004-11,rtf2004-12,rtf2005-1,rtf2005-2,rtf2005-3,rtf2005-4,rtf2005-5,rtf2005-6,rtf2005-7,rtf2005-8,rtf2005-9,rtf2005-10,rtf2005-11,rtf2005-12,rtf2006-1,rtf2006-2,rtf2006-3,rtf2006-4,rtf2006-5,rtf2006-6,rtf2006-7,rtf2006-8,rtf2006-9,rtf2006-10,rtf2006-11,rtf2006-12,rtf2007-1,rtf2007-2,rtf2007-3,rtf2007-4,rtf2007-5,rtf2007-6,rtf2007-7,rtf2007-8,rtf2007-9,rtf2007-10,rtf2007-11,rtf2007-12,rtf2008-1,rtf2008-2,rtf2008-3,rtf2008-4,rtf2008-5,rtf2008-6,rtf2008-7,rtf2008-8,rtf2008-9,rtf2008-10,rtf2008-11,rtf2008-12,rtf2009-1,rtf2009-2,rtf2009-3,rtf2009-4,rtf2009-5,rtf2009-6,rtf2009-7,rtf2009-8,rtf2009-9,rtf2009-10,rtf2009-11,rtf2009-12
activitrax,1985-9,1995-1,,,,,,,,,,,,,,,,,,,,,,,,,,,,,,,,,,,,,,,,,,,,,,,,,,,,,,,,,,,,,,,,,,,,,,,,,,,,,,,,,,,,,,,,,,,,,,,,,,,,,,,,,,,,,,,,,,,,,,,,,,1.74250731673,,,,,,1.73007975022,,,1.71928067058,,1.73289548734,,,,,,,1.7740136435,,,,,,1.78435901371,,,,,1.75958565543,,1.79630474341,1.80999258309,1.76522755426,,,,,1.88931607916,,,1.85332611747,1.85894360682,1.88842820482,,,1.91429590602,1.87759375439,,,,,,,,1.9090506053,,1.88477579096,1.93813378437,,,,,,,,1.91616668011,,,,,,,,,1.92873877553,,,,,,,,,,,,,,,,,,,,,,,,,,,,,,,,,,,,,,,,,,,,,,,,,,,,,,,,,,,,,,,,,,,,,,,,,,,,,,,,,,,,,,,,,,,,,,,,,,,,,,,,,,,,,,,,,,,,,,,,,,,,,,,,,,,,,,,,,,,,,,,,,,,,,,,,,,,,,,,,,,,,,,,,,,,,,,,,,,,,,,,,,,,,,,,,,,,,,,,,,,,,,,,,,,,,,,,,,,,,,,,,,,,,,,,,,,,,,,,,,,,,,,,,,,,,,,,,,,,,,,,,,,,,,,,,,,,,,,,,,,,,,,,,,,,,,,,,,,,,,,,,,,,,,,,,,,,,,,,,,,,,,,,,3.32035427143e-06,,,,,6.65662562666e-06,,,,,,6.66421831221e-06,,,1.9360021594e-05,2.93137871498e-06,9.82518317864e-06,,,2.9998315164e-06,,,,6.05600442384e-06,,2.88923911337e-06,,,3.09475410137e-06,5.88525977768e-06,,2.77467247253e-06,,2.70731519018e-06,1.80309756556e-05,2.84048018586e-06,5.5622150361e-06,5.48058790712e-06,2.83800987022e-05,,2.43886260043e-06,,2.291860136e-06,6.83816633345e-06,,,4.9400076421e-06,7.1471587412e-06,6.67409241755e-06,,,8.39763919816e-06,4.68883764496e-06,2.21284577064e-06,,,,2.04418374073e-06,,,4.30648203607e-06,,4.49126435879e-06,4.00792587886e-06,2.21147989696e-06,2.14431621262e-06,,2.10198475065e-06,,,2.2312976504e-06,4.24953575984e-06,,1.99594871648e-06,,,,,,,8.09402788864e-06,,,,,,1.93489178415e-06,,,1.85334737142e-06,,,,,,,,,,1.62959924011e-06,,,,,,,,,,,1.70202703112e-06,,1.72336916966e-06,,,,,,,,,,,,,,,,,,,,,,,,,,,,,,,,,,,,,,,,,,,,,,,,,,,,,,,,,,,,,,,,,,,,,,,,,,,,,,,,,,,,,,,,,,,,,,,,,,,,,,,,,,,,,,,,,,,,,,,,,,,,,,,,,,,,,,,,,,,,,,,,,,,,,,,,,,,,,,,,,,,,,,,,,,,,,,,,,,,,,,,,,,,,,,,,,,,,,,,,,,,,,,,,,,,,,,,,,,,,,,,,,,,,,,,,,,,,,,,,,,,,,,,,,,,,,,,,,,,,,,,,,,,,,,,,,,,,,,,,,,,,,,,,,,,,,,,,1.1343282904878632e-06,,,,,2.2740943135134642e-06,,,,,,2.2766881927535291e-06,,,6.6139388761815525e-06,1.0014430794775271e-06,3.3565644891141021e-06,,,1.0248285205677961e-06,,,,2.068904876926021e-06,,9.8704698244931752e-07,,,1.0572567992184758e-06,2.0105736065970943e-06,,9.479077306614974e-07,,9.2489655032084667e-07,6.1598986491342265e-06,9.7038953376664454e-07,1.9002122537087393e-06,1.8723260843108435e-06,9.695456030622128e-06,,8.331854429172155e-07,,7.8296518310423775e-07,2.3361138279249704e-06,,,1.6876483548381925e-06,2.4416745003723554e-06,2.2800614704572434e-06,,,2.8688745046708861e-06,1.6018414769619153e-06,7.5597160873026254e-07,,,,6.9835181986992495e-07,,,1.4712178299831251e-06,,1.5343447734079639e-06,1.369222480168524e-06,7.555049870884198e-07,7.3255994538033045e-07,,7.1809830334913866e-07,,,7.6227530029835451e-07,1.4517633480566333e-06,,6.8187335157117262e-07,,,,,,,2.7651521697803433e-06,,,,,,6.6101455157433837e-07,,,6.3315664042021344e-07,,,,,,,,,,5.5671785872950309e-07,,,,,,,,,,,5.814612703184372e-07,,5.8875235721725024e-07,,,,,,,,,,,,,,,,,,,,,,,,,,,,,,,,,,,,,,,,,,,,,,,,,,,,,,,,,,,,,,,,,,,,,,,,,,,,,,,,,,,,,,,,,,,,,,,,,,,,,,,,,,,,,,,,,,,,,,,,,,,,,,,,,,,,,,,,,,,,,,,,,,,,,,,,,,,,,,,,,,,,,,,,,,,,,,,,,,,
cereport,1998-8,2004-9,,,,,,,,,,,,,,,,,,,,,,,,,,,,,,,,,,,,,,,,,,,,,,,,,,,,,,,,,,,,,,,,,,,,,,,,,,,,,,,,,,,,,,,,,,,,,,,,,,,,,,,,,,,,,,,,,,,,,,,,,,,,,,,,,,,,,,,,,,,,,,,,,,,,,,,,,,,,,,,,,,,,,,,,,,,,,,,,,,,,,,,,,,,,,,,,,,,,,,,,,,,,,,,,,,,,,,,,,,,,,,,,,,,,,,,,,,,,,,,,,,,,,,,,,,,,,,,,,,,,,,,,,,,,,,,,2.0778394798,,,,,,2.08403747922,,,,2.13800790262,,,2.12414890245,2.15342671715,,,2.10810056751,,,,,2.17295824389,2.10723035177,,,2.15954166578,,,,2.16674263941,,,,,,2.1686265008,,,,,,,2.19591779518,,,,,,,,2.17991273888,,,,,,2.20429198516,,,,,,,,,,,,,,,,,,,,,,,,,,,,,,,,,,,,,,,,,,,,,,,,,,,,,,,,,,,,,,,,,,,,,,,,,,,,,,,,,,,,,,,,,,,,,,,,,,,,,,,,,,,,,,,,,,,,,,,,,,,,,,,,,,,,,,,,,,,,,,,,,,,,,,,,,,,,,,,,,,,,,,,,,,,,,,,,,,,,,,,,,,,,,,,,,,,,,,,,,,,,,,,,,,,,,,,,,,,,,,,,,,,,,,,,,,,,,,,,,,,,,,,,,,,,,,,,,,,,,,,,,,,,,,,,,,,,,,,,,,,,,,,,,,,,,,,,,,,,,,,,,,,,,,,,,,,,,,,,,,,,,,,,,,,,,,,,,,,,,,,,,,,,,,,1.3757888529e-05,,,,,,1.67287203028e-05,,,,1.37282133006e-05,,,1.10847335218e-05,1.05495101748e-05,,,1.29600202875e-05,,1.46399424666e-06,,,1.1105134591e-05,2.28259804274e-05,,,1.16744538e-05,,,,7.1592002908e-06,,,,,,4.23800412833e-06,,,,,,,6.65266654607e-06,,1.39645561267e-06,1.24312388961e-06,,,,,6.87970233795e-06,,,,,,5.22532900848e-06,,,,,,,,,,,1.12066564585e-06,,,,1.17840450769e-06,1.14673121493e-06,,,,,,,,,,,,,,,,,,,,,,,,,,,,,,,,,,,,,,,,,,,,,,,,,,,,,,,,,,,,,,,,,,,,,,,,,,,,,,,,,,,,,,,,,,,,,,,,,,,,,,,,,,,,,,,,,,,,,,,,,,,,,,,,,,,,,,,,,,,,,,,,,,,,,,,,,,,,,,,,,,,,,,,,,,,,,,,,,,,,,,,,,,,,,,,,,,,,,,,,,,,,,,,,,,,,,,,,,,,,,,,,,,,,,,,,,,,,,,,,,,,,,,,,,,,,,,,,,,,,,,,,,,,,,,,,,,,,,,,,,,,,,,,,,,,,,,,,,,,,,,,,,,,,,,,,,,,,,,,,,,,,,,,,,,,,,,,3.725777208768803e-06,,,,,,4.5303088991122859e-06,,,,3.7177408528084434e-06,,,3.0018594375030018e-06,2.8569154699932048e-06,,,3.5097063121629311e-06,,3.9646464546347314e-07,,,3.0073842561178653e-06,6.1815094274641813e-06,,,3.1615617324567905e-06,,,,1.9387848084577547e-06,,,,,,1.1476949503335009e-06,,,,,,,1.8016102792676094e-06,,3.7817449122294822e-07,3.3665068922495607e-07,,,,,1.8630938984420065e-06,,,,,,1.4150726462919789e-06,,,,,,,,,,,3.0348774182661986e-07,,,,3.191240173373696e-07,3.1054656505997122e-07,,,,,,,,,,,,,,,,,,,,,,,,,,,,,,,,,,,,,,,,,,,,,,,,,,,,,,,,,,,,,,,
d0870,1993-5,2000-7,,,,,,,,,,,,,,,,,,,,,,,,,,,,,,,,,,,,,,,,,,,,,,,,,,,,,,,,,,,,,,,,,,,,,,,,,,,,,,,,,,,,,,,,,,,,,,,,,,,,,,,,,,,,,,,,,,,,,,,,,,,,,,,,,,,,,,,,,,,,,,,,,,,,,,,,,,,,,,,,,,,,,,,,,,,,,,,,,,,,,,,,,,,,,,,,,,,,,,,,,,,,,,,,,1.94433154001,,,,,2.00213396026,1.95063635444,2.01237718242,,,,,,2.01050828456,,,,,2.01210127091,,,2.01269400353,2.03108517474,2.01104012719,,,,2.0215246568,2.04126849917,,,,,,,,,2.08936917056,,2.06473948417,,,,,,2.07187271607,2.08886613538,,2.05832700074,2.10515889585,2.03679765994,,,,,2.12031029754,,2.07377775722,2.08286882265,2.09021261439,,,,,,,,2.13724831723,,2.10852327683,,2.12079738418,,,,,,,,,,,,2.15667056013,2.13346495879,,2.11875271286,,,,,,,,,,,,,,,,,,,,,,,,,,,,,,,,,,,,,,,,,,,,,,,,,,,,,,,,,,,,,,,,,,,,,,,,,,,,,,,,,,,,,,,,,,,,,,,,,,,,,,,,,,,,,,,,,,,,,,,,,,,,,,,,,,,,,,,,,,,,,,,,,,,,,,,,,,,,,,,,,,,,,,,,,,,,,,,,,,,,,,,,,,,,,,,,,,,,,,,,,,,,,,,,,,,,,,,,,,,,,,,,,,,,,,,,,,,,,,,,,,,,,,,,,,,,,,,,,,,,,,,,,,,,,,,,,,,,,,,,,,,,,,,,,,,,,,,,,,,,,,,,,,,,,,,,,,,,,,,,,,1.6757808857e-05,,,,,3.80997616698e-06,1.81252596907e-05,1.25586261083e-05,,,,,,1.06109933559e-05,,,,,5.62148408304e-06,,,9.03931490311e-06,7.02153349463e-06,2.076319275e-05,1.83742263504e-06,,,1.42964368854e-05,3.45743203663e-06,,1.77052667238e-06,,,,,,,3.12359612848e-06,,4.90729721742e-06,,,,1.4735056808e-06,,3.20257867509e-06,3.17049741883e-06,,6.56784282829e-06,4.47551758011e-06,1.35699569121e-05,,,,,7.07902872749e-06,1.58774410753e-06,1.36209837368e-05,1.18549729912e-05,1.30618819677e-05,,,,,,,,5.42635302096e-06,,4.37983760358e-06,,8.26159287845e-06,,,,,,,,,,,,6.3900581918e-06,4.17026585341e-06,,5.69161387492e-06,,,,,,,,,,,,,,,,,,,,,,,,,,,,,,,,,,,,,,,,,,,,,,,,,,,,,,,,,,,,,,,,,,,,,,,,,,,,,,,,,,,,,,,,,,,,,,,,,,,,,,,,,,,,,,,,,,,,,,,,,,,,,,,,,,,,,,,,,,,,,,,,,,,,,,,,,,,,,,,,,,,,,,,,,,,,,,,,,,,,,,,,,,,,,,,,,,,,,,,,,,,,,,,,,,,,,,,,,,,,,,,,,,,,,,,,,,,,,,,,,,,,,,,,,,,,,,,,,,,,,,,,,,,,,,,,,,,,,,,,,,,,,,,,,,,,,,,,,,,,,,,,,,,,,,,,,,,,,,,,,,5.200059280675799e-06,,,,,1.182260884780401e-06,5.6243883477671807e-06,3.8970250111065215e-06,,,,,,3.2926616449918066e-06,,,,,1.7443838109553118e-06,,,2.8049593926028735e-06,2.178828433057403e-06,6.44295647943972e-06,5.7016443542317608e-07,,,4.4362792260689078e-06,1.0728641019135069e-06,,5.4940617433646842e-07,,,,,,,9.692726045275693e-07,,1.5227668877385796e-06,,,,4.5723858983960987e-07,,9.9378141280934552e-07,9.8382638612529333e-07,,2.0380452089378475e-06,1.3887828013137886e-06,4.2108476699537595e-06,,,,,2.1966695853083223e-06,4.926875316551739e-07,4.2266816322505201e-06,3.6786767799622474e-06,4.0531886435058464e-06,,,,,,,,1.6838333476459169e-06,,1.3590926697336858e-06,,2.5636270879674455e-06,,,,,,,,,,,,1.982877456586881e-06,1.2940611650950293e-06,,1.7661455507040519e-06,,,,,,,,,,,,,,,,,,,,,,,,,,,,,,,,,,,,,,,,,,,,,,,,,,,,,,,,,,,,,,,,,,,,,,,,,,,,,,,,,,,,,,,,,,,,,,,,,,,,,,,,,,,,,,,,,
d15s63,1992-11,2001-7,,,,,,,,,,,,,,,,,,,,,,,,,,,,,,,,,,,,,,,,,,,,,,,,,,,,,,,,,,,,,,,,,,,,,,,,,,,,,,,,,,,,,,,,,,,,,,,,,,,,,,,,,,,,,,,,,,,,,,,,,,,,,,,,,,,,,,,,,,,,,,,,,,,,,,,,,,,,,,,,,,,,,,,,,,,,,,,,,,,,,,,,,,,,,,,,,,,,,,,,,,,,,,1.97327554371,,,,,,,,,,2.02601149724,,,,,,2.02054100882,,,,,,,,,,,2.01586870723,,,,,,,,,2.06384261685,,2.05871245742,,,,,,,,,,,2.08408846317,,,,,2.07787068742,,,,,,,,,,,,,,,,,,,,,,,,,,,,2.16177135357,,,,,2.1374611135,,,,2.17657682988,,,,2.1336327736,,,,,,2.14142546511,,,,,,,,,,,,,,,,,,,,,,,,,,,,,,,,,,,,,,,,,,,,,,,,,,,,,,,,,,,,,,,,,,,,,,,,,,,,,,,,,,,,,,,,,,,,,,,,,,,,,,,,,,,,,,,,,,,,,,,,,,,,,,,,,,,,,,,,,,,,,,,,,,,,,,,,,,,,,,,,,,,,,,,,,,,,,,,,,,,,,,,,,,,,,,,,,,,,,,,,,,,,,,,,,,,,,,,,,,,,,,,,,,,,,,,,,,,,,,,,,,,,,,,,,,,,,,,,,,,,,,,,,,,,,,,,,,,,,,,,,,,,,,,,,,,,,,,,,,,,,,,,2.09012417114e-06,,,4.00407523589e-06,,,,,2.10430237412e-06,,1.91948363812e-06,,,3.5206772688e-06,1.96944439974e-06,,,,1.89685925202e-06,5.20568849445e-06,,1.81519854952e-06,,1.72584276317e-06,,,,1.77385306014e-06,1.72236071122e-06,1.69771591251e-06,5.40856989531e-06,,,,,,1.73721913083e-06,,,3.3000329162e-06,1.60980126877e-06,3.19851321395e-06,,1.5324171717e-06,,,,1.51225598654e-06,,1.44578576421e-06,1.64986407085e-06,,4.66627997436e-06,,,,,3.09899168831e-06,,,,,,1.48497141793e-06,,,,,1.53296173859e-06,,,,,1.33106781526e-06,1.46513834941e-06,,,,,,,,1.3559802998e-06,,,2.53224610669e-06,,,,,2.72787592311e-06,,,,2.4645682121e-06,,,,3.9908649027e-06,,,,,,2.6078646723e-06,,,,,,,,,,,,,,,,,,,,,,,,,,,,,,,,,,,,,,,,,,,,,,,,,,,,,,,,,,,,,,,,,,,,,,,,,,,,,,,,,,,,,,,,,,,,,,,,,,,,,,,,,,,,,,,,,,,,,,,,,,,,,,,,,,,,,,,,,,,,,,,,,,,,,,,,,,,,,,,,,,,,,,,,,,,,,,,,,,,,,,,,,,,,,,,,,,,,,,,,,,,,,,,,,,,,,,,,,,,,,,,,,,,,,,,,,,,,,,,,,,,,,,,,,,,,,,,,,,,,,,,,,,,,,,,,,,,,,,,,,,,,,,,,,,,,,,,,,,,,,,,,6.6101455157433837e-07,,,1.2663132808404269e-06,,,,,6.6549849497515363e-07,,6.0704843943022437e-07,,,1.1134357174590062e-06,6.228488358332409e-07,,,,5.9989333896433213e-07,1.6463308224959033e-06,,5.740676423903028e-07,,5.458083284892844e-07,,,,5.6099187852057468e-07,5.447071082643507e-07,5.3691303995331e-07,1.710493306269528e-06,,,,,,5.4940617433646842e-07,,,1.0436555915674716e-06,5.0910949621578912e-07,1.0115493648734425e-06,,4.8463630226378465e-07,,,,4.78260204159716e-07,,4.5723858983960987e-07,5.2177960238307175e-07,,1.4757395791879399e-06,,,,,9.800750737506493e-07,,,,,,4.6963129247228003e-07,,,,,4.8480852487310134e-07,,,,,4.2095833691147922e-07,4.6335896326212121e-07,,,,,,,,4.2883706250042882e-07,,,8.0083831755081218e-07,,,,,8.627074433966863e-07,,,,7.7943476949385846e-07,,,,1.2621354321804148e-06,,,,,,8.2475315138179144e-07,,,,,,,,,,,,,,,,,,,,,,,,,,,,,,,,,,,,,,,,,,,,,,,,,,,,,,,,,,,,,,,,,,,,,,,,,,,,,,,,,,,,,,,,,,,,,,,,,,,,,
d4s10,1986-8,1994-2,,,,,,,,,,,,,,,,,,,,,,,,,,,,,,,,,,,,,,,,,,,,,,,,,,,,,,,,,,,,,,,,,,,,,,,,,,,,,,,,,,,,,,,,,,,,,,,,,,,,,,,,,,,,,,,,,,,,,,,,,,,,,,,,1.72239035385,1.72751886492,,,,,,,,,,,1.76264408558,1.74988656791,,1.74720815844,,,,1.77910838945,,,,,,1.79675843901,,,,1.85692056424,,,1.85810459392,1.86131307088,,,1.86877852891,,,,,1.88145475578,1.90448255893,,,,,1.87052815938,1.89347889737,,,,,1.87936325039,,,,1.88130175768,,1.89030023501,,1.9222996979,1.93086885854,,,,,,,1.93920710636,1.96725207376,,,1.96460704648,,1.95788637545,,,,,,,,1.94933282676,,,,,2.02975874286,,,,,,,,,,,,,,,,,,,,,,,,,,,,,,,,,,,,,,,,,,,,,,,,,,,,,,,,,,,,,,,,,,,,,,,,,,,,,,,,,,,,,,,,,,,,,,,,,,,,,,,,,,,,,,,,,,,,,,,,,,,,,,,,,,,,,,,,,,,,,,,,,,,,,,,,,,,,,,,,,,,,,,,,,,,,,,,,,,,,,,,,,,,,,,,,,,,,,,,,,,,,,,,,,,,,,,,,,,,,,,,,,,,,,,,,,,,,,,,,,,,,,,,,,,,,,,,,,,,,,,,,,,,,,,,,,,,,,,,,,,,,,,,,,,,,,,,,,,,,,,,,,,,,,,,,,,,,,,,,6.51067554452e-06,1.25972594578e-05,,,,,,,,,,3.2073085936e-06,1.18329496582e-05,1.46112920715e-05,2.82267140067e-06,9.11734600436e-06,,3.0234513487e-06,2.87483205926e-06,8.47427922129e-06,2.71074436109e-06,,,,,1.90192180077e-05,2.67715791896e-06,2.77262247296e-06,2.49121307884e-06,7.14801452107e-06,2.32783360138e-06,2.23905596123e-06,2.2268719416e-05,4.74952988635e-06,2.11203108206e-06,2.41309523776e-06,6.98248908561e-06,2.17344071723e-06,,2.23889819309e-06,,4.58080740412e-06,4.32372415421e-06,,,,,4.57946499354e-06,6.53961663361e-06,,,2.19389309104e-06,,1.08026383649e-05,,2.08566625663e-06,,1.08431891782e-05,,8.71955531133e-06,,6.02161538121e-06,7.79984921723e-06,,,,,,,3.95377124236e-06,3.60523431324e-06,,,3.65242226165e-06,1.80581120148e-06,3.78062423234e-06,,,,1.78467392889e-06,,,1.69148548457e-06,7.61253963531e-06,,,,,3.18410694935e-06,,1.7038736132e-06,,,,,,,,,,,,,,,,,,,,,,,,,,,,,,,,,,,,,,,,,,,,,,,,,,,,,,,,,,,,,,,,,,,,,,,,,,,,,,,,,,,,,,,,,,,,,,,,,,,,,,,,,,,,,,,,,,,,,,,,,,,,,,,,,,,,,,,,,,,,,,,,,,,,,,,,,,,,,,,,,,,,,,,,,,,,,,,,,,,,,,,,,,,,,,,,,,,,,,,,,,,,,,,,,,,,,,,,,,,,,,,,,,,,,,,,,,,,,,,,,,,,,,,,,,,,,,,,,,,,,,,,,,,,,,,,,,,,,,,,,,,,,,,,,,,,,,,,,,,,,,,,,,,,,,,,,,,,,,2.2766881927535291e-06,4.4050777331029475e-06,,,,,,,,,,1.1215489937462427e-06,4.137809753852042e-06,5.1093555365487531e-06,9.8704698244931752e-07,3.1882027994546046e-06,,1.0572567992184758e-06,1.0052868032985472e-06,2.9633317331341974e-06,9.479077306614974e-07,,,,,6.6507428879805871e-06,9.3616304215542177e-07,9.695456030622128e-07,8.7114084605198967e-07,2.4995563287516466e-06,8.1400942785719349e-07,7.8296518310423775e-07,7.787046093083235e-06,1.6608412659264297e-06,7.3854643721505955e-07,8.4382417741909624e-07,2.4416745003723554e-06,7.600204901524145e-07,,7.829100138888236e-07,,1.6018414769619153e-06,1.5119432174605251e-06,,,,,1.6013720555772186e-06,2.2868084691189382e-06,,,7.671723867039819e-07,,3.777524935442099e-06,,7.293270426444815e-07,,3.7917049628867919e-06,,3.049101201193418e-06,,2.1056709931186673e-06,2.7274934062846905e-06,,,,,,,1.3825760848901717e-06,1.2606978088441733e-06,,,1.2771987455353922e-06,6.3146581528235683e-07,1.3220291031486767e-06,,,,6.240744196263916e-07,,,5.9148778104541919e-07,2.6619939799006145e-06,,,,,1.1134357174590062e-06,,5.9581972878285947e-07,,,,,,,,,,,,,,,,,,,,,,,,,,,,,,,,,,,,,,,,,,,,,,,,,,,,,,,,,,,,,,,,,,,,,,,,,,,,,,,,,,,,,,,,,,,,,,,,,,,,,,,,,,,,,,,,,,,,,,,,,,,,,,,,,,,,,,,,,,,,,,,,,,,,,,,,,,,,,,,,,,,,,,,,,,,,,,,,,,,,,,,,,,,,,,
dpoes,1990-11,1998-9,,,,,,,,,,,,,,,,,,,,,,,,,,,,,,,,,,,,,,,,,,,,,,,,,,,,,,,,,,,,,,,,,,,,,,,,,,,,,,,,,,,,,,,,,,,,,,,,,,,,,,,,,,,,,,,,,,,,,,,,,,,,,,,,,,,,,,,,,,,,,,,,,,,,,,,,,,,,,,,,,,,,,,,,,,,,,,,,,,,1.88102847844,,,,,,,,,,1.9210821794,1.92004837385,,1.95918461966,,,1.93652424998,,,,,,1.96302929931,,,,,,,,,,,1.97389799312,,,,2.02404969111,,,,,,,1.98318579616,,1.98344140429,,,,,,,2.04301222998,,,,,,,,,2.02634117047,,,2.06359153149,,,,,,,,2.10249684214,,,,,,,,2.07336714461,,,,2.12580565773,2.06850977048,,,,,,,,2.12412802566,,,,,,,,,,,,,,,,,,,,,,,,,,,,,,,,,,,,,,,,,,,,,,,,,,,,,,,,,,,,,,,,,,,,,,,,,,,,,,,,,,,,,,,,,,,,,,,,,,,,,,,,,,,,,,,,,,,,,,,,,,,,,,,,,,,,,,,,,,,,,,,,,,,,,,,,,,,,,,,,,,,,,,,,,,,,,,,,,,,,,,,,,,,,,,,,,,,,,,,,,,,,,,,,,,,,,,,,,,,,,,,,,,,,,,,,,,,,,,,,,,,,,,,,,,,,,,,,,,,,,,,,,,,,,,,,,,,,,,,,,,,,,,,,,,,,,,,,,,,,,,,,,,,,,,,,,,1.10390345307e-05,,,,,,2.72798935031e-06,,,,1.00996747737e-05,9.8116454711e-06,,9.27750872825e-06,,,7.29937048768e-06,,,,,,4.59448270652e-06,,,,,,,,,,,9.01229659729e-06,,,,8.01075191558e-06,2.24058175364e-06,,,,,1.97412201758e-06,6.73344209422e-06,,1.45061771192e-05,,,,,,,7.72577544598e-06,,,,1.99483520642e-06,,,,,3.94838920976e-06,,,5.45828839867e-06,,,,,,,,4.93448995573e-06,,,,,,,,5.28845411865e-06,,,,3.16084257268e-06,7.08940359305e-06,,,,,,,,8.0792289994e-06,,,,,,,,,,,,,,,,,,,,,,,,,,,,,,,,,,,,,,,,,,,,,,,,,,,,,,,,,,,,,,,,,,,,,,,,,,,,,,,,,,,,,,,,,,,,,,,,,,,,,,,,,,,,,,,,,,,,,,,,,,,,,,,,,,,,,,,,,,,,,,,,,,,,,,,,,,,,,,,,,,,,,,,,,,,,,,,,,,,,,,,,,,,,,,,,,,,,,,,,,,,,,,,,,,,,,,,,,,,,,,,,,,,,,,,,,,,,,,,,,,,,,,,,,,,,,,,,,,,,,,,,,,,,,,,,,,,,,,,,,,,,,,,,,,,,,,,,,,,,,,,,,,,,,,,,,,3.0686895468159277e-06,,,,,,7.5834099257735835e-07,,,,2.8075613241582231e-06,2.7274934062846905e-06,,2.5790112328834247e-06,,,2.0291178410186174e-06,,,,,,1.2771987455353922e-06,,,,,,,,,,,2.5052861537844851e-06,,,,2.2268714349180123e-06,6.228488358332409e-07,,,,,5.487769408319678e-07,1.8717980554513934e-06,,4.0325042888563472e-06,,,,,,,2.14765215981324e-06,,,,5.5453490325861348e-07,,,,,1.0975942380692879e-06,,,1.5173240473101637e-06,,,,,,,,1.3717157695188296e-06,,,,,,,,1.470112610625974e-06,,,,8.7866783412332889e-07,1.9707501266206955e-06,,,,,,,,2.2459070589757226e-06,,,,,,,,,,,,,,,,,,,,,,,,,,,,,,,,,,,,,,,,,,,,,,,,,,,,,,,,,,,,,,,,,,,,,,,,,,,,,,,,,,,,,,,,,,,,,,,,,,,,,,,,,,,,,,,,,,,,,,,,,,,,,,,,,,,,,,,
drw17,1988-11,1992-12,,,,,,,,,,,,,,,,,,,,,,,,,,,,,,,,,,,,,,,,,,,,,,,,,,,,,,,,,,,,,,,,,,,,,,,,,,,,,,,,,,,,,,,,,,,,,,,,,,,,,,,,,,,,,,,,,,,,,,,,,,,,,,,,,,,,,,,,,,,,,,,,,,,,,,,,,,,1.78976706217,,,,1.88477507701,,,,,1.86225270124,,1.87580960247,,,,1.90456642739,,,,1.93278655808,,,,,,,,,,,1.90037751787,,,1.90901528674,1.92356898688,,1.90964254436,,1.91518821083,,,,,,1.92356241676,,1.97284802596,,,1.9695837204,,,,,,,,,,,,,,,,,,,,,,,,,,,,,,,,,,,,,,,,,,,,,,,,,,,,,,,,,,,,,,,,,,,,,,,,,,,,,,,,,,,,,,,,,,,,,,,,,,,,,,,,,,,,,,,,,,,,,,,,,,,,,,,,,,,,,,,,,,,,,,,,,,,,,,,,,,,,,,,,,,,,,,,,,,,,,,,,,,,,,,,,,,,,,,,,,,,,,,,,,,,,,,,,,,,,,,,,,,,,,,,,,,,,,,,,,,,,,,,,,,,,,,,,,,,,,,,,,,,,,,,,,,,,,,,,,,,,,,,,,,,,,,,,,,,,,,,,,,,,,,,,,,,,,,,,,,,,,,,,,,,,,,,,,,,,,,,,,,,,,,,,,,,,,,,,,,,,,,,6.88932054829e-06,,,,5.56353214075e-06,2.76662884604e-06,,,,1.44582148023e-05,2.70024677715e-06,1.35382652888e-05,,,,5.37172333256e-06,,2.61299303372e-06,,4.96229318907e-06,,2.70823715882e-06,,,,,2.68420382468e-06,,,,8.08283926967e-06,,2.70825780304e-06,5.15791265178e-06,4.98743686218e-06,,5.19977856243e-06,,5.15469853045e-06,,2.40305754106e-06,2.26564539505e-06,,,4.98430576194e-06,,4.53770897113e-06,2.24350995097e-06,,4.43254850733e-06,,,,,,,,,,,,,,,,,,,,,,,,,,,,,,,,,,,,,,,,,,,,,,,,,,,,,,,,,,,,,,,,,,,,,,,,,,,,,,,,,,,,,,,,,,,,,,,,,,,,,,,,,,,,,,,,,,,,,,,,,,,,,,,,,,,,,,,,,,,,,,,,,,,,,,,,,,,,,,,,,,,,,,,,,,,,,,,,,,,,,,,,,,,,,,,,,,,,,,,,,,,,,,,,,,,,,,,,,,,,,,,,,,,,,,,,,,,,,,,,,,,,,,,,,,,,,,,,,,,,,,,,,,,,,,,,,,,,,,,,,,,,,,,,,,,,,,,,,,,,,,,,,,,,,,,,,,,,,,,,,,,,,,,,,,,,,,,,,,,,,,,,,,,,,,,,,,,,,,,1.9390912061244256e-06,,,,1.5659303662084755e-06,7.787046093083234e-07,,,,4.0694575006205924e-06,7.600204901524145e-07,3.8105254333520049e-06,,,,1.5119432174605251e-06,,7.354617596658062e-07,,1.3967036397398499e-06,,7.6226948970631278e-07,,,,,7.555049870884198e-07,,,,2.275022977732075e-06,,7.6227530029835451e-07,1.4517633480566333e-06,1.4037806620791116e-06,,1.4635470673077978e-06,,1.4508586907161003e-06,,6.7637261367287235e-07,6.3769613141641875e-07,,,1.4028993721323859e-06,,1.2771987455353922e-06,6.3146581528235683e-07,,1.2475999296353641e-06,,,,,,,,,,,,,,,,,,,,,,,,,,,,,,,,,,,,,,,,,,,,,,,,,,,,,,,,,,,,,,,,,,,,,,,,,,,,,,,,,,,,,,,,,,,,,,,,,,,,,,,,,,,,,,,,,,,,,,,,,,,,,,,,,,,,,,,,,,,,,,,,,,,,,,,,,,,,,,,,,,,,,,,,,,,,,,,,,,,,,,,,,,,,,,,,,,,,,,,,,,,,
dxs14,1986-10,1994-4,,,,,,,,,,,,,,,,,,,,,,,,,,,,,,,,,,,,,,,,,,,,,,,,,,,,,,,,,,,,,,,,,,,,,,,,,,,,,,,,,,,,,,,,,,,,,,,,,,,,,,,,,,,,,,,,,,,,,,,,,,,,,,,,,,,,1.78596826039,,,,1.76678615954,,,,,,,,,,1.77658260781,,,,1.82400740168,1.76672722939,,,,1.79297114005,,,,,,,,,,,1.8912697603,,,,,1.90676490743,,1.87293038522,,,,,,,,1.88455931197,,,,1.89462072929,,,,,,,,,,,,,,,,1.96785254356,,1.9556046195,,,,,,,,,,,,,,,,,,,,,,,,,,,,,,,,,,,,,,,,,,,,,,,,,,,,,,,,,,,,,,,,,,,,,,,,,,,,,,,,,,,,,,,,,,,,,,,,,,,,,,,,,,,,,,,,,,,,,,,,,,,,,,,,,,,,,,,,,,,,,,,,,,,,,,,,,,,,,,,,,,,,,,,,,,,,,,,,,,,,,,,,,,,,,,,,,,,,,,,,,,,,,,,,,,,,,,,,,,,,,,,,,,,,,,,,,,,,,,,,,,,,,,,,,,,,,,,,,,,,,,,,,,,,,,,,,,,,,,,,,,,,,,,,,,,,,,,,,,,,,,,,,,,,,,,,,,,,,,,,,,,,,,,,,,,,,,,3.61504861603e-06,,6.8704166222e-06,,,,7.0308528232e-06,3.75594766588e-06,,,,,,,,,1.03451798285e-05,,,,6.34526790725e-06,1.4086695136e-05,,,,9.97737519551e-06,,,,2.68577272081e-06,,,,,,,5.22843440893e-06,2.68558347616e-06,,2.74736491144e-06,,7.62295969897e-06,,5.48103779702e-06,,,,,,,,5.18315431782e-06,,,,5.20261077986e-06,,2.61480108115e-06,,,,,,,2.32670769589e-06,,2.18746236855e-06,2.37129645952e-06,,,,4.38112143915e-06,2.16609077569e-06,6.80235170983e-06,,,,,2.08907700558e-06,,,,,,2.02773003305e-06,,,,,,1.95488052244e-06,,,,,,,,,,,,,,,,,,,,,,,,,,,,,,,,,,,,,,,,,,,,,,,,,,,,,,,,,,,,,,,,,,,,,,,,,,,,,,,,,,,,,,,,,,,,,,,,,,,,,,,,,,,,,,,,,,,,,,,,,,,,,,,,,,,,,,,,,,,,,,,,,,,,,,,,,,,,,,,,,,,,,,,,,,,,,,,,,,,,,,,,,,,,,,,,,,,,,,,,,,,,,,,,,,,,,,,,,,,,,,,,,,,,,,,,,,,,,,,,,,,,,,,,,,,,,,,,,,,,,,,,,,,,,,,,,,,,,,,,,,,,,,,,,,,,,,,,,,,,,,,,,,,,,,,,,,,,,,1.0538707090336744e-06,,2.0028861589550541e-06,,,,2.0496570411355921e-06,1.0949460574824782e-06,,,,,,,,,3.0158604098956413e-06,,,,1.8497931006416933e-06,4.1065990994228177e-06,,,,2.9086368091866386e-06,,,,7.8296518310423775e-07,,,,,,,1.5242101733408019e-06,7.829100138888236e-07,,8.0092073848095767e-07,,2.2222699598732121e-06,,1.5978499331299803e-06,,,,,,,,1.5110099741768395e-06,,,,1.5166819851547167e-06,,7.6227530029835451e-07,,,,,,,6.7828938131190659e-07,,6.3769613141641875e-07,6.9128804244508583e-07,,,,1.2771987455353922e-06,6.3146581528235683e-07,1.9830436547230151e-06,,,,,6.0901451098875334e-07,,,,,,5.9113044239020049e-07,,,,,,5.698931165459918e-07,,,,,,,,,,,,,,,,,,,,,,,,,,,,,,,,,,,,,,,,,,,,,,,,,,,,,,,,,,,,,,,,,,,,,,,,,,,,,,,,,,,,,,,,,,,,,,,,,,,,,,,,,,,,,,,,,,,,,,,,,,,,,,,,,,,,,,,,,,,,,,,,,,,,,,,,,,,,,,,,,,,,,,,,,,,,,,,,,,,,,,,,,,,,
funipuncture,1989-3,2000-6,,,,,,,,,,,,,,,,,,,,,,,,,,,,,,,,,,,,,,,,,,,,,,,,,,,,,,,,,,,,,,,,,,,,,,,,,,,,,,,,,,,,,,,,,,,,,,,,,,,,,,,,,,,,,,,,,,,,,,,,,,,,,,,,,,,,,,,,,,,,,,,,,,,,,,,,,,,,,,,1.88370441498,,,,,,,,1.88308540692,,,,,,,,,,,,1.87624902468,,,,1.90253686439,,,,,,,,1.90768468874,,,,,1.97130214831,,,,,1.96542115695,,,,,,,,,,,,,,,,,,,,,,,,2.0016698162,2.02628624816,1.98838986032,,,,,2.04282982156,1.99784893022,2.05247428096,,,,,,,,,,,2.03300821578,,,,,,,,,,,,,,,,,,,,,,,,,,,,,,,,,,,,,,2.09717549463,,,,,,,,,2.1644506156,,,,,,,,,,,,,,,,,,,,,,,,,,,,,,,,,,,,,,,,,,,,,,,,,,,,,,,,,,,,,,,,,,,,,,,,,,,,,,,,,,,,,,,,,,,,,,,,,,,,,,,,,,,,,,,,,,,,,,,,,,,,,,,,,,,,,,,,,,,,,,,,,,,,,,,,,,,,,,,,,,,,,,,,,,,,,,,,,,,,,,,,,,,,,,,,,,,,,,,,,,,,,,,,,,,,,,,,,,,,,,,,,,,,,,,,,,,,,,,,,,,,,,,,,,,,,,,,,,,,,,,,,,,,,,,,,,,4.69696939206e-06,,,,,,2.27966265718e-06,,7.044957652e-06,2.15127952508e-06,,,,,,,,,2.20644074143e-06,,9.20445837578e-06,,,,8.75039368296e-06,,2.27462504575e-06,,,,2.10530268307e-06,,6.58480982999e-06,,,,,3.82550753895e-06,2.07350138073e-06,,,,5.74638905868e-06,,,,,1.89913767854e-06,1.87189578196e-06,,1.94968114526e-06,,,,1.82082677559e-06,,,,,,,,,1.64604285719e-06,1.87147065291e-06,,5.18374150697e-06,3.27427715583e-06,1.22085508641e-05,,1.76594812964e-06,,,3.22091476004e-06,5.13058235427e-06,3.12328053875e-06,,1.66331372304e-06,,,,,,,,,3.25123461201e-06,,1.663991015e-06,1.52250053542e-06,,1.43452965014e-06,,1.37147583806e-06,,1.4904113807e-06,,,1.52826654566e-06,,,,,,,,1.47780406203e-06,,,,1.4133687836e-06,,,,,,1.38263533059e-06,,,,,,1.37594584606e-06,,7.0004585165e-06,,,,,,,,,7.13711024918e-06,,,,,,,,,,,,,,,,,,,,,,,,,,,,,,,,,,,,,,,,,,,,,,,,,,,,,,,,,,,,,,,,,,,,,,,,,,,,,,,,,,,,,,,,,,,,,,,,,,,,,,,,,,,,,,,,,,,,,,,,,,,,,,,,,,,,,,,,,,,,,,,,,,,,,,,,,,,,,,,,,,,,,,,,,,,,,,,,,,,,,,,,,,,,,,,,,,,,,,,,,,,,,,,,,,,,,,,,,,,,,,,,,,,,,,,,,,,,,,,,,,,,,,,,,,,,,,,,,,,,,,,,,,,,,,,,,,,1.5659303662084755e-06,,,,,,7.600204901524145e-07,,2.348730041666471e-06,7.1721862616772153e-07,,,,,,,,,7.3560891499156253e-07,,3.0686895468159277e-06,,,,2.917308170577926e-06,,7.5834099257735835e-07,,,,7.0189033103955578e-07,,2.195320600961697e-06,,,,,1.2753922628328375e-06,6.9128804244508583e-07,,,,1.9157981183030884e-06,,,,,6.3315664042021344e-07,6.240744196263916e-07,,6.500074100844749e-07,,,,6.0704843943022437e-07,,,,,,,,,5.487769408319678e-07,6.2393268515046445e-07,,1.7282161237955774e-06,1.0916166569785688e-06,4.070228892229061e-06,,5.8875235721725024e-07,,,1.07382607990662e-06,1.710493306269528e-06,1.0412756459683629e-06,,5.5453490325861348e-07,,,,,,,,,1.0839344653222267e-06,,5.5476070674295001e-07,5.075889625795265e-07,,4.78260204159716e-07,,4.5723858983960987e-07,,4.9689070640467276e-07,,,5.0951130223446187e-07,,,,,,,,4.926875316551739e-07,,,,4.7120534799221758e-07,,,,,,4.6095907144404647e-07,,,,,,4.5872885317327975e-07,,2.3338944015474655e-06,,,,,,,,,2.379452947904257e-06,,,,,,,,,,,,,,,,,,,,,,,,,,,,,,,,,,,,,,,,,,,,,,,,,,,,,,,,,,,,,,,,,,,,,,,,,,,,,,,,,,,,,,,,,,,,,,,,,,,,,,,,,,,,,,,,,,,,
hbgg,1995-6,2003-9,,,,,,,,,,,,,,,,,,,,,,,,,,,,,,,,,,,,,,,,,,,,,,,,,,,,,,,,,,,,,,,,,,,,,,,,,,,,,,,,,,,,,,,,,,,,,,,,,,,,,,,,,,,,,,,,,,,,,,,,,,,,,,,,,,,,,,,,,,,,,,,,,,,,,,,,,,,,,,,,,,,,,,,,,,,,,,,,,,,,,,,,,,,,,,,,,,,,,,,,,,,,,,,,,,,,,,,,,,,,,,,,,,,,,,,,,,2.04219893033,,,,,,,,,,,,,2.02446816941,,,,,,,,,,2.0605758596,,2.054779893,,2.07687840893,,,,2.06671652005,,,,2.08999748244,,,,2.1115271557,,,,,,,,,,,,,,2.10602139029,,,2.15769382575,,,,,,,2.17206996845,,,,,,,,,2.21517936324,,,,,,,,,,,,,,,,,,,,,,,,,,,2.23279423299,,,,,,,,,,,,,,,,,,,,,,,,,,,,,,,,,,,,,,,,,,,,,,,,,,,,,,,,,,,,,,,,,,,,,,,,,,,,,,,,,,,,,,,,,,,,,,,,,,,,,,,,,,,,,,,,,,,,,,,,,,,,,,,,,,,,,,,,,,,,,,,,,,,,,,,,,,,,,,,,,,,,,,,,,,,,,,,,,,,,,,,,,,,,,,,,,,,,,,,,,,,,,,,,,,,,,,,,,,,,,,,,,,,,,,,,,,,,,,,,,,,,,,,,,,,,,,,,,,,,,,,,,,,,,,,,,,,,,,,,,,,,,,,,,,,,,,,,,,,,,,,,,,,,,9.78697057758e-06,1.84840113491e-06,,1.68064518424e-06,,,,1.71938502478e-06,,1.59504343847e-06,,1.69798694534e-06,,5.21420695424e-06,1.59027959648e-06,,,,,,,1.5411673063e-06,,3.19260459881e-06,1.45035525178e-06,3.29815344061e-06,,5.94642563251e-06,,,,3.08718662852e-06,,,,4.4288684698e-06,1.35387578095e-06,,,4.22186505394e-06,,1.44418783734e-06,,1.45170671438e-06,,1.35828914566e-06,,,,,,1.34354936963e-06,,5.65559886393e-06,,1.37449165302e-06,3.89568423322e-06,,,1.35143407964e-06,,,,3.66296147697e-06,,1.32206645868e-06,,,,,,,2.20769531506e-06,,,1.18438156454e-06,,,,,,,,,1.0547288489e-06,,,1.11344207553e-06,1.07626843529e-06,,,1.15974442458e-06,1.0880977544e-06,,,,,,,4.1171467727e-06,,,,,,,,,,,,,,,,,,,,,,,,,,,,,,,,,,,,,,,,,,,,,,,,,,,,,,,,,,,,,,,,,,,,,,,,,,,,,,,,,,,,,,,,,,,,,,,,,,,,,,,,,,,,,,,,,,,,,,,,,,,,,,,,,,,,,,,,,,,,,,,,,,,,,,,,,,,,,,,,,,,,,,,,,,,,,,,,,,,,,,,,,,,,,,,,,,,,,,,,,,,,,,,,,,,,,,,,,,,,,,,,,,,,,,,,,,,,,,,,,,,,,,,,,,,,,,,,,,,,,,,,,,,,,,,,,,,,,,,,,,,,,,,,,,,,,,,,,,,,,,,,,,,,,3.1238269379050888e-06,5.8997676671492679e-07,,5.3643205095675343e-07,,,,5.4879711903464393e-07,,5.0910949621578912e-07,,5.4196723266111334e-07,,1.6642821202288499e-06,5.075889625795265e-07,,,,,,,4.9191319306264667e-07,,1.0190226044689237e-06,4.6292760043792949e-07,1.0527119174884399e-06,,1.8979932991346575e-06,,,,9.853750633103478e-07,,,,1.4136160439766527e-06,4.3213306932883683e-07,,,1.3475442353854335e-06,,4.6095907144404647e-07,,4.6335896326212121e-07,,4.3354173684623531e-07,,,,,,4.2883706250042882e-07,,1.805166567232075e-06,,4.3871328902036639e-07,1.2434331188411203e-06,,,4.3135372169834315e-07,,,,1.1691521542407876e-06,,4.2198009941851142e-07,,,,,,,7.0465707863268337e-07,,,3.7803353006198237e-07,,,,,,,,,3.3665068922495607e-07,,,3.5539090689717795e-07,3.4352574210148436e-07,,,3.7016979318243483e-07,3.473014503655869e-07,,,,,,,1.3141200225240172e-06,,,,,,,,,,,,,,,,,,,,,,,,,,,,,,,,,,,,,,,,,,,,,,,,,,,,,,,,,,,,,,,,,,,,,,,,,,,
hpmvs,1991-7,1995-1,,,,,,,,,,,,,,,,,,,,,,,,,,,,,,,,,,,,,,,,,,,,,,,,,,,,,,,,,,,,,,,,,,,,,,,,,,,,,,,,,,,,,,,,,,,,,,,,,,,,,,,,,,,,,,,,,,,,,,,,,,,,,,,,,,,,,,,,,,,,,,,,,,,,,,,,,,,,,,,,,,,,,,,,,,,,,,,,,,,,,,,,,,,1.89028003737,,,,,,,,,1.97066642384,,,,1.93624056397,1.96959528611,,,,,1.96214843475,,,1.95564673081,,1.94186824838,,1.97966713249,,,,1.98464404002,,1.99613103932,2.01891473514,,,,,2.00263015452,,,,,,,,,,,,,,,,,,,,,,,,,,,,,,,,,,,,,,,,,,,,,,,,,,,,,,,,,,,,,,,,,,,,,,,,,,,,,,,,,,,,,,,,,,,,,,,,,,,,,,,,,,,,,,,,,,,,,,,,,,,,,,,,,,,,,,,,,,,,,,,,,,,,,,,,,,,,,,,,,,,,,,,,,,,,,,,,,,,,,,,,,,,,,,,,,,,,,,,,,,,,,,,,,,,,,,,,,,,,,,,,,,,,,,,,,,,,,,,,,,,,,,,,,,,,,,,,,,,,,,,,,,,,,,,,,,,,,,,,,,,,,,,,,,,,,,,,,,,,,,,,,,,,,,,,,,,,,,,,,,,,,,,,,,,,,,,,,,,,,,,,,,,,,,,,,,,,,,,,,,,,,,,,,,6.17335875928e-06,,,,,,,,,7.74666383083e-06,,,,8.1843614201e-06,5.17175753957e-06,,,,,1.02553581117e-05,,,7.89621991635e-06,,8.08440394494e-06,,4.91623931589e-06,2.39366295417e-06,,,5.04420032355e-06,,9.40436771497e-06,4.61533341236e-06,,,,,9.33074803953e-06,,,,2.3840333801e-06,,,,,,,,,,,,,,,,,,,,,,,,,,,,,,,,,,,,,,,,,,,,,,,,,,,,,,,,,,,,,,,,,,,,,,,,,,,,,,,,,,,,,,,,,,,,,,,,,,,,,,,,,,,,,,,,,,,,,,,,,,,,,,,,,,,,,,,,,,,,,,,,,,,,,,,,,,,,,,,,,,,,,,,,,,,,,,,,,,,,,,,,,,,,,,,,,,,,,,,,,,,,,,,,,,,,,,,,,,,,,,,,,,,,,,,,,,,,,,,,,,,,,,,,,,,,,,,,,,,,,,,,,,,,,,,,,,,,,,,,,,,,,,,,,,,,,,,,,,,,,,,,,,,,,,,,,,,,,,,,,,,,,,,,,,,,,,,,,,,,,,,,,,,,,,,,,,,,,,,,,,,,,,1.524550600596709e-06,,,,,,,,,1.9130883942492564e-06,,,,2.0211806255015055e-06,1.2771987455353922e-06,,,,,2.5326265616808538e-06,,,1.950022230253425e-06,,1.996495484925461e-06,,1.2140968788604487e-06,5.9113044239020049e-07,,,1.2456976716664819e-06,,2.3224690168117727e-06,1.1397862330919836e-06,,,,,2.3042881650607698e-06,,,,5.8875235721725024e-07,,,,,,,,,,,,,,,,,,,,,,,,,,,,,,,,,,,,,,,,,,,,,,,,,,,,,,,,,,,,,,,,,,,,,,,,,,,,,,,,,,,,,,,,,,,,,,,,,,,,,,,,,,,,,,,,,,,,,,,,,,,,,,,,,,,,,,,,,,,,,,,,,,,,,,,,,,,,,,,,,,,,,,,,,,,,,,,,,,,
ilvgeda,1980-4,1985-10,,,,,,,,,,,,,,,,,,,,,,,,,,,,,,,,,,,,,,,,,,,,,,,,,,,,1.49416455896,,,,,,,,,,1.51714480047,,,,,1.50278316502,,,,,,,,,,,,1.53114969145,1.53729262735,,,,,,,,,,1.65731025134,,,,,,,1.66231621482,1.67343327969,,,,,,,,,,,1.6915432625,1.70404959149,,,1.7004591312,,1.68811592974,,,1.72681825593,,,,,,,,,,,,,,,,,,,,,,,,,,,,,,,,,,,,,,,,,,,,,,,,,,,,,,,,,,,,,,,,,,,,,,,,,,,,,,,,,,,,,,,,,,,,,,,,,,,,,,,,,,,,,,,,,,,,,,,,,,,,,,,,,,,,,,,,,,,,,,,,,,,,,,,,,,,,,,,,,,,,,,,,,,,,,,,,,,,,,,,,,,,,,,,,,,,,,,,,,,,,,,,,,,,,,,,,,,,,,,,,,,,,,,,,,,,,,,,,,,,,,,,,,,,,,,,,,,,,,,,,,,,,,,,,,,,,,,,,,,,,,,,,,,,,,,,,,,,,,,,,,,,,,,,,,,,,,,,,,,,,,,,,,,,,,,,,,,,,,,3.0268850069e-05,,,,,7.03222597609e-06,6.70244708745e-06,,6.44705839638e-06,,2.05791432279e-05,,,,,2.17724637531e-05,7.22826268966e-06,,,,,,,6.19599261382e-06,,,,1.97315875682e-05,1.93960489797e-05,,,,,,,,,,2.40027737274e-05,,,,,,,9.60290597791e-06,9.53171658899e-06,,,,,,,4.34698801687e-06,,,,1.34546136097e-05,8.8862362502e-06,,4.30055243661e-06,8.77041767601e-06,4.16867228566e-06,9.04141968789e-06,,,8.22598636515e-06,,,,,,,,,,,,,,,,,,,,,,,,,,,,,,,,,,,,,,,,,,,,,,,,,,,,,,,,,,,,,,,,,,,,,,,,,,,,,,,,,,,,,,,,,,,,,,,,,,,,,,,,,,,,,,,,,,,,,,,,,,,,,,,,,,,,,,,,,,,,,,,,,,,,,,,,,,,,,,,,,,,,,,,,,,,,,,,,,,,,,,,,,,,,,,,,,,,,,,,,,,,,,,,,,,,,,,,,,,,,,,,,,,,,,,,,,,,,,,,,,,,,,,,,,,,,,,,,,,,,,,,,,,,,,,,,,,,,,,,,,,,,,,,,,,,,,,,,,,,,,,,,,,,,,,,,,,,,,,,,,,,,,,,,,,,,,,,,,,,,,,8.3068724832772265e-06,,,,,1.9298983715517539e-06,1.8393950597527485e-06,,1.7693071216380954e-06,,5.6476647847392568e-06,,,,,5.9751553042449497e-06,1.9836979700818672e-06,,,,,,,1.7004055467228933e-06,,,,5.4150647100232851e-06,5.3229807272611138e-06,,,,,,,,,,6.5872334146637084e-06,,,,,,,2.635386387175156e-06,2.6158494317067108e-06,,,,,,,1.1929714891743802e-06,,,,3.6924349392963694e-06,2.4387061688291893e-06,,1.1802278783987611e-06,2.4069213430139712e-06,1.1440351722173345e-06,2.4812941437736264e-06,,,2.2575096057033723e-06,,,,,,,,,,,,,,,,,,,,,,,,,,,,,,,,,,,,,,,,,,,,,,,,,,,,,,,,,,,,,,,,,,,,,,,,,,,,,,,,,,,,,,,,,,,,,,,,,,,,,,,,,,,,,,,,,,,,,,,,,,,,,,,,,,,,,,,,,,,,,,,,,,,,,,,,,,,,,,,,,,,,,,,,,,,,,,,,,,,,,,,,,,,,,,,,,,,,,,,,,,,,,,,,,,,,,,,,,,,,,,,,,,,,,,,,,,,,,,,,,,,,,,,,,,,,,,,,,,,,,,,,,,,,,,,,,,,,,,,,,,,,,,,,,,
indeloxazine,1985-5,1999-9,,,,,,,,,,,,,,,,,,,,,,,,,,,,,,,,,,,,,,,,,,,,,,,,,,,,,,,,,,,,,,,,,,,,,,,,,,,,,,,,,,,,,,,,,,,,,,,,,,,,,,,,,,,,,,,,,1.70045208595,,,,,,,,,,,1.75663609489,,,,,,,,,,,,1.76379554781,,,1.72452113028,,,,1.75000164996,,,,,,,,,,,,,,,,1.87314221702,1.89427127462,,,1.84807218434,,,,,1.9051160983,,,,,,,,,,,,1.93881634159,,,1.90787622354,,,1.93292637397,,,,,,,,,1.93914613945,,,,,,,,,,,,1.97104309702,,,1.97040050857,1.94693854114,,,,,,,,,,1.98487790001,,,,,,,,,,,,,,,,,,,,,,2.06681554489,,,,2.02757278749,,,,,,,,,2.1008028385,,,,,,,,2.11260140307,,,,,,,,,2.10345550761,,,,,,,,,,,,2.12950130791,,,,,,,,,,,,,,,,,,,,,,,,,,,,,,,,,,,,,,,,,,,,,,,,,,,,,,,,,,,,,,,,,,,,,,,,,,,,,,,,,,,,,,,,,,,,,,,,,,,,,,,,,,,,,,,,,,,,,,,,,,,,,,,,,,,,,,,,,,,,,,,,,,,,,,,,,,,,,,,,,,,,,,,,,,,,,,,,,,,,,,,,,,,,,,,,,,,,,,,,,,,,,,,,,,,,,,,,,,,,,,,,,,,,,,,,,,,,1.15237875524e-05,,,,,,,,,,,2.36358088092e-05,,,,,,,,,,,,1.96265759709e-05,,3.04947625458e-06,1.43192518482e-05,,,,2.03525120539e-05,,,3.20872182053e-06,,,3.25798090691e-06,,,,,,,,,,1.99928415215e-05,7.45651826953e-06,,,8.08007339367e-06,,,,,1.83140178371e-05,,,,,,,,,,,,4.37034887444e-06,,,9.31160177717e-06,,,1.08725101457e-05,,,,,,2.05795241497e-06,,,4.31775600193e-06,,,,,,,,,,,,5.97585047766e-06,,,2.64311402552e-05,1.2745016857e-05,,1.93760583281e-06,,,,,,,,9.57383922883e-06,,,,,,,,1.8792075349e-06,,,,1.81987772965e-06,,,,1.71220911435e-06,,,1.49444969474e-06,,,4.87499908739e-06,,,,5.31213414638e-06,,,,,,,,,3.02635831398e-06,,,,,,,,8.41372027297e-06,1.57258329498e-06,,,,,,,,1.14697472815e-05,,,,,,,,,,,,2.73756471364e-06,,,,,,,,,,,,,,,,,,,,,,,,,,,,,,,,,,,,,,,,,,,,,,,,,,,,,,,,,,,,,,,,,,,,,,,,,,,,,,,,,,,,,,,,,,,,,,,,,,,,,,,,,,,,,,,,,,,,,,,,,,,,,,,,,,,,,,,,,,,,,,,,,,,,,,,,,,,,,,,,,,,,,,,,,,,,,,,,,,,,,,,,,,,,,,,,,,,,,,,,,,,,,,,,,,,,,,,,,,,,,,,,,,,,,,,,,,,,3.6103820145209566e-06,,,,,,,,,,,7.4050565957896963e-06,,,,,,,,,,,,6.148971123406776e-06,,9.5539545250872525e-07,4.4861959749849709e-06,,,,6.3764055989092092e-06,,,1.0052868032985472e-06,,,1.0207195868943689e-06,,,,,,,,,,6.263721464833902e-06,2.3361138279249704e-06,,,2.5314725322572889e-06,,,,,5.7377490093417722e-06,,,,,,,,,,,,1.369222480168524e-06,,,2.917308170577926e-06,,,3.406337968678041e-06,,,,,,6.4475280822085619e-07,,,1.3527452273457447e-06,,,,,,,,,,,,1.8722232588791748e-06,,,8.2808289346358682e-06,3.992990969850922e-06,,6.0704843943022437e-07,,,,,,,,2.9994666948216608e-06,,,,,,,,5.8875235721725024e-07,,,,5.7016443542317608e-07,,,,5.3643205095675343e-07,,,4.6820841454798458e-07,,,1.5273284886473673e-06,,,,1.6642821202288499e-06,,,,,,,,,9.4815264309401169e-07,,,,,,,,2.636003502369987e-06,4.926875316551739e-07,,,,,,,,3.5934512943611563e-06,,,,,,,,,,,,8.5767412500085763e-07,,,,,,,,,,,,,,,,,,,,,,,,,,,,,,,,,,,,,,,,,,,,,,,,,,,,,,,,,,,,,,,,,,,,,,,,,,,,,,,,,,,,,,,,,,,,,,,,,,,,,,,,,,,,,,,,,,,,,,,,,,,
iodohydroxybenzylpindolol,1976-3,1986-7,,,1.47738210657,,,,,,,,,,,1.4918197087,,1.48833750109,,,,,,,,,,,,,,,,,,,1.45724390654,,,,,,,,,,,,,1.49031502497,,,1.47009644176,,,,,,,,,,,1.53214414521,1.53469040881,,,,,,1.52060764679,,,1.55808846398,,,,,,,,,,,,1.59676267279,,1.6208996052,1.62962864092,,,,1.66437034337,,,,1.67238173144,,,,,,,,,,,,,,,,,,,,,,,,,,,,,,,,1.72136840199,,,,,,,,,,,,,,,,,,,,,,,,,,,,,,,,,,,,,,,,,,,,,,,,,,,,,,,,,,,,,,,,,,,,,,,,,,,,,,,,,,,,,,,,,,,,,,,,,,,,,,,,,,,,,,,,,,,,,,,,,,,,,,,,,,,,,,,,,,,,,,,,,,,,,,,,,,,,,,,,,,,,,,,,,,,,,,,,,,,,,,,,,,,,,,,,,,,,,,,,,,,,,,,,,,,,,,,,,,,,,,,,,,,,,,,,,,,,,,,,,,,,,,,,,,,,,,,,,,,,,,,,,,,,,,,,,,,,,,,,,,,,2.7511749625e-05,7.23273989876e-06,,,,,,,,,,1.37351846703e-05,,1.31365344078e-05,,7.92222748858e-06,,,,,,7.71916172648e-06,,,7.53033435445e-06,,,,,,,,1.39879993968e-05,6.56322429158e-06,,7.09654216921e-06,,,,,,,6.71998393133e-06,,,1.27947713994e-05,,,1.31338433394e-05,,,6.30122587477e-06,,,,,,,,1.738033145e-05,1.1194892628e-05,5.71147998816e-06,,,,,1.75005504828e-05,,,1.06470966001e-05,,5.64237654135e-06,5.23289060662e-06,,,,5.55483980669e-06,,,,5.36930179551e-06,9.54898333836e-06,,9.35376909561e-06,8.8784167137e-06,,,,1.27077540624e-05,,3.90848657663e-06,,8.21311243002e-06,,,,3.81180836559e-06,,3.92531706282e-06,3.67328823199e-06,4.0234979739e-06,,3.67129436369e-06,,,,,,,,,,,3.70971730988e-06,,,,3.15510281213e-06,,,,,,,7.20309710583e-06,,,,,,,,,,,,,,,,,,,,,,,,,,,,,,,,,,,,,,,,,,,,,,,,,,,,,,,,,,,,,,,,,,,,,,,,,,,,,,,,,,,,,,,,,,,,,,,,,,,,,,,,,,,,,,,,,,,,,,,,,,,,,,,,,,,,,,,,,,,,,,,,,,,,,,,,,,,,,,,,,,,,,,,,,,,,,,,,,,,,,,,,,,,,,,,,,,,,,,,,,,,,,,,,,,,,,,,,,,,,,,,,,,,,,,,,,,,,,,,,,,,,,,,,,,,,,,,,,,,,,,,,,,,,,,,,,,,,,,,,,,,,8.9398260309854374e-06,2.3502480686836494e-06,,,,,,,,,,4.4631898417799198e-06,,4.2686609850788957e-06,,2.5742941285499518e-06,,,,,,2.5083087728099327e-06,,,2.446950121368726e-06,,,,,,,,4.5453409119317475e-06,2.1326918196339872e-06,,2.3059911957256145e-06,,,,,,,2.1836301978587321e-06,,,4.1576065490618357e-06,,,4.2677865338531496e-06,,,2.0475565483929755e-06,,,,,,,,5.6476647847392568e-06,3.6377327466882989e-06,1.8559211307756265e-06,,,,,5.6867294481597743e-06,,,3.4597287572654306e-06,,1.833466259637157e-06,1.7004055467228933e-06,,,,1.8050215700077616e-06,,,,1.7447317823830942e-06,3.1029015232143579e-06,,3.0394674852965759e-06,2.8850037505048759e-06,,,,4.1293306355039845e-06,,1.2700460899726051e-06,,2.6688159531142414e-06,,,,1.2386309164754015e-06,,1.2755150848791514e-06,1.1936193881984464e-06,1.3074185543611561e-06,,1.1929714891743802e-06,,,,,,,,,,,1.2054568621234605e-06,,,,1.0252372398973122e-06,,,,,,,2.3406157691965604e-06,,,,,,,,,,,,,,,,,,,,,,,,,,,,,,,,,,,,,,,,,,,,,,,,,,,,,,,,,,,,,,,,,,,,,,,,,,,,,,,,,,,,,,,,,,,,,,,,,,,,,,,,,,,,,,,,,,,,,,,,,,,,,,,,,,,,,,,,,,,,,,,,,,,,,,,,,,,,,,,,,,,,,,,,,,,,,,,,,,,,,,,,,,,,,,,,,,,,,,,,,,,,,,,,,,,,,,,,,,,,,,,,,,,,,,,,,,,,,,,,,,,,,,,,,,,,,,,,,,,,,,,,,,,,,,,,,,,,,,,,,
ly333328,1996-6,2004-10,,,,,,,,,,,,,,,,,,,,,,,,,,,,,,,,,,,,,,,,,,,,,,,,,,,,,,,,,,,,,,,,,,,,,,,,,,,,,,,,,,,,,,,,,,,,,,,,,,,,,,,,,,,,,,,,,,,,,,,,,,,,,,,,,,,,,,,,,,,,,,,,,,,,,,,,,,,,,,,,,,,,,,,,,,,,,,,,,,,,,,,,,,,,,,,,,,,,,,,,,,,,,,,,,,,,,,,,,,,,,,,,,,,,,,,,,,,,,,,,,,,,,,,,,,2.08936429347,,,,2.06680087833,,,,,,,2.08679188782,2.08754798042,,,,2.08442300476,,2.11002880319,,,,,2.10181904955,2.11440455106,,,2.09735240514,,2.12823657164,,,,,2.10154202483,,,,,,,,,2.13877463819,,,,,,2.1126718821,,,,,,2.16172472077,,2.14227443943,2.17807079646,,,,2.21799200083,,,,,,,,,,,,,,,,,,2.24741135061,,,,,,,,,,,,,,,,,,,,,,,,,,,,,,,,,,,,,,,,,,,,,,,,,,,,,,,,,,,,,,,,,,,,,,,,,,,,,,,,,,,,,,,,,,,,,,,,,,,,,,,,,,,,,,,,,,,,,,,,,,,,,,,,,,,,,,,,,,,,,,,,,,,,,,,,,,,,,,,,,,,,,,,,,,,,,,,,,,,,,,,,,,,,,,,,,,,,,,,,,,,,,,,,,,,,,,,,,,,,,,,,,,,,,,,,,,,,,,,,,,,,,,,,,,,,,,,,,,,,,,,,,,,,,,,,,,,,,,,,,,,,,,,,,,,,,,,,,,,,,,,,,,,,,,,,,,,,,,,,,,,,1.57718463599e-06,,,1.62446359045e-06,3.11286893897e-06,,,,8.08532485338e-06,,,,1.5065365421e-06,,,6.17676772588e-06,1.19590630594e-05,1.6344086582e-06,,,1.83402338358e-05,,4.39685514371e-06,,,,,4.3854041772e-06,1.43344947461e-05,,,1.20635228421e-05,,4.23271242716e-06,,,,,1.15529745486e-05,,,,,,,,,4.21135061094e-06,,,,,,2.1972453203e-05,,,,1.21925330085e-06,,3.83677453709e-06,,4.02607478877e-06,3.73502115714e-06,,,,3.38301101395e-06,1.2992519204e-06,,,,,,1.28411963671e-06,,,,,,1.20466854792e-06,,,,1.15129161091e-06,1.10635607279e-05,1.18243204307e-06,,,,,,1.12352726644e-06,,,,,,,1.03854683351e-06,,9.69630950039e-07,,,,,,,,,,,,,,,,,,,,,,,,,,,,,,,,,,,,,,,,,,,,,,,,,,,,,,,,,,,,,,,,,,,,,,,,,,,,,,,,,,,,,,,,,,,,,,,,,,,,,,,,,,,,,,,,,,,,,,,,,,,,,,,,,,,,,,,,,,,,,,,,,,,,,,,,,,,,,,,,,,,,,,,,,,,,,,,,,,,,,,,,,,,,,,,,,,,,,,,,,,,,,,,,,,,,,,,,,,,,,,,,,,,,,,,,,,,,,,,,,,,,,,,,,,,,,,,,,,,,,,,,,,,,,,,,,,,,,,,,,,,,,,,,,,,,,,,,,,,,,,,,,,,,4.8463630226378465e-07,,,4.991641496314422e-07,9.56520408319432e-07,,,,2.4844535320233638e-06,,,,4.6292760043792949e-07,,,1.8979932991346575e-06,3.6747733698360823e-06,5.022200637919925e-07,,,5.6355755096673602e-06,,1.3510628811686152e-06,,,,,1.3475442353854335e-06,4.4046945234230642e-06,,,3.7068717060969697e-06,,1.300625210538706e-06,,,,,3.5499907478366135e-06,,,,,,,,,1.2940611650950293e-06,,,,,,6.7516815906961827e-06,,,,3.7465138688450397e-07,,1.1789616648825047e-06,,1.2371297270726872e-06,1.1476949503335009e-06,,,,1.0395294950901289e-06,3.9923331234696889e-07,,,,,,3.945834737392861e-07,,,,,,3.7016979318243483e-07,,,,3.5376816157299473e-07,3.3996039770421652e-06,3.6333697396981249e-07,,,,,,3.4523675128074204e-07,,,,,,,3.191240173373696e-07,,2.9794758803978792e-07,,,,,,,,,,,,,,,,,,,,,,,,,,,,,,,,,,,,,,,,,,,,,,,,,,,,,,,,,,,,,,
mom19,1989-12,1996-7,,,,,,,,,,,,,,,,,,,,,,,,,,,,,,,,,,,,,,,,,,,,,,,,,,,,,,,,,,,,,,,,,,,,,,,,,,,,,,,,,,,,,,,,,,,,,,,,,,,,,,,,,,,,,,,,,,,,,,,,,,,,,,,,,,,,,,,,,,,,,,,,,,,,,,,,,,,,,,,,,,,,,,,,1.92097888279,,,,,,,1.87196549225,,,,,1.93489395593,,,,,,,,,,,,1.95450449144,,,1.9432474024,,,,,,,1.97182575585,,,,,,1.98554902692,,,1.93275922018,,,,1.97556019308,,,,1.96685559601,,,,,,,,,,,2.02088768195,,,,2.0428878185,,,2.03357981975,,2.0314426881,,,,,,,,,,,,,,,,,,,,,,,,,,,,,,,,,,,,,,,,,,,,,,,,,,,,,,,,,,,,,,,,,,,,,,,,,,,,,,,,,,,,,,,,,,,,,,,,,,,,,,,,,,,,,,,,,,,,,,,,,,,,,,,,,,,,,,,,,,,,,,,,,,,,,,,,,,,,,,,,,,,,,,,,,,,,,,,,,,,,,,,,,,,,,,,,,,,,,,,,,,,,,,,,,,,,,,,,,,,,,,,,,,,,,,,,,,,,,,,,,,,,,,,,,,,,,,,,,,,,,,,,,,,,,,,,,,,,,,,,,,,,,,,,,,,,,,,,,,,,,,,,,,,,,,,,,,,,,,,,,,,,,,,,,,,,,,,,,7.46512464703e-06,,,,,,,5.55592654039e-06,,,,,7.12573273409e-06,,2.54160126548e-06,,,,,,,,,,1.1184781284e-05,2.51686179924e-06,,9.38664201716e-06,,,,,,,6.57257194589e-06,,,,,,4.22592597804e-06,,2.05215436949e-06,1.15446648951e-05,2.17300935541e-06,2.10614174525e-06,,4.33637703035e-06,1.93152085804e-06,2.16096088701e-06,,3.42454682036e-05,,,1.90397001103e-06,,,,,,,2.04266387426e-06,5.83904843841e-06,1.88984981285e-06,,,5.4190258071e-06,,,3.72227935244e-06,,5.71845937017e-06,,,1.81047052121e-06,,,,,,,,,,,,,,,,,,,,,,,,,,,,,,,,,,,,,,,,,,,,,,,,,,,,,,,,,,,,,,,,,,,,,,,,,,,,,,,,,,,,,,,,,,,,,,,,,,,,,,,,,,,,,,,,,,,,,,,,,,,,,,,,,,,,,,,,,,,,,,,,,,,,,,,,,,,,,,,,,,,,,,,,,,,,,,,,,,,,,,,,,,,,,,,,,,,,,,,,,,,,,,,,,,,,,,,,,,,,,,,,,,,,,,,,,,,,,,,,,,,,,,,,,,,,,,,,,,,,,,,,,,,,,,,,,,,,,,,,,,,,,,,,,,,,,,,,,,,,,,,,,,,,,,,,,,,,,,,,,,,,,,,,,,,,,,2.1516558785031646e-06,,,,,,,1.6013720555772186e-06,,,,,2.053833720252786e-06,,7.3255994538033045e-07,,,,,,,,,,3.223764041104281e-06,7.2542934535805016e-07,,2.7054904546914894e-06,,,,,,,1.8943974458470704e-06,,,,,,1.2180290219775067e-06,,5.9148778104541919e-07,3.327492474875768e-06,6.2632153844612127e-07,6.0704843943022437e-07,,1.2498640772815956e-06,5.5671785872950309e-07,6.228488358332409e-07,,9.8704933214500341e-06,,,5.487769408319678e-07,,,,,,,5.8875235721725024e-07,1.6829756355617239e-06,5.447071082643507e-07,,,1.5619134689525444e-06,,,1.0728641019135069e-06,,1.6482185230094054e-06,,,5.2182779578373582e-07,,,,,,,,,,,,,,,,,,,,,,,,,,,,,,,,,,,,,,,,,,,,,,,,,,,,,,,,,,,,,,,,,,,,,,,,,,,,,,,,,,,,,,,,,,,,,,,,,,,,,,,,,,,,,,,,,,,,,,,,,,,,,,,,,,,,,,,,,,,,,,,,,,,,,,,,,,,,,,,,,,,,,,
monatepil,1993-7,1998-11,,,,,,,,,,,,,,,,,,,,,,,,,,,,,,,,,,,,,,,,,,,,,,,,,,,,,,,,,,,,,,,,,,,,,,,,,,,,,,,,,,,,,,,,,,,,,,,,,,,,,,,,,,,,,,,,,,,,,,,,,,,,,,,,,,,,,,,,,,,,,,,,,,,,,,,,,,,,,,,,,,,,,,,,,,,,,,,,,,,,,,,,,,,,,,,,,,,,,,,,,,,,,,,,,,,1.93729114061,,,,1.95243401911,2.0195990979,,,1.9775117986,,,2.02358688116,,,,1.96942885656,2.01361898688,,,,,,,,1.99818472105,,2.0409443438,2.04532056338,,,,,,,,,,,,,,,,,,,,,2.03688486443,,,,,2.12292648569,,,,,,,,,,,2.08214254504,,,,,,,,,,,,,,,,,,,,,,,,,,,,,,,,,,,,,,,,,,,,,,,,,,,,,,,,,,,,,,,,,,,,,,,,,,,,,,,,,,,,,,,,,,,,,,,,,,,,,,,,,,,,,,,,,,,,,,,,,,,,,,,,,,,,,,,,,,,,,,,,,,,,,,,,,,,,,,,,,,,,,,,,,,,,,,,,,,,,,,,,,,,,,,,,,,,,,,,,,,,,,,,,,,,,,,,,,,,,,,,,,,,,,,,,,,,,,,,,,,,,,,,,,,,,,,,,,,,,,,,,,,,,,,,,,,,,,,,,,,,,,,,,,,,,,,,,,,,,,,,,,,,,,,,,,,,,,,,,,,,,,,,,,,,,,,,,,,,,,,,,1.56356182449e-05,,,,1.95767009923e-05,1.96197917237e-05,,,2.27356129821e-05,,,1.07444104097e-05,,,,4.70196691952e-05,9.10746507123e-06,,,,,,,,1.3861265754e-05,,6.30162714599e-06,2.41884662944e-05,,,2.14896109506e-06,,,1.98049530095e-06,,,,,,,,,,1.94570772973e-06,,,,,1.23665205767e-05,,,,,6.88131524573e-06,,,,,,,,,,,1.44400628442e-05,,,,,,,,,,,,,,,,,,,,,,,,,,,,,,,,,,,,,,,,,,,,,,,,,,,,,,,,,,,,,,,,,,,,,,,,,,,,,,,,,,,,,,,,,,,,,,,,,,,,,,,,,,,,,,,,,,,,,,,,,,,,,,,,,,,,,,,,,,,,,,,,,,,,,,,,,,,,,,,,,,,,,,,,,,,,,,,,,,,,,,,,,,,,,,,,,,,,,,,,,,,,,,,,,,,,,,,,,,,,,,,,,,,,,,,,,,,,,,,,,,,,,,,,,,,,,,,,,,,,,,,,,,,,,,,,,,,,,,,,,,,,,,,,,,,,,,,,,,,,,,,,,,,,,,,,,,,,,,,,,,,,,,,,,,,,,,,,,,,,,,,,3.992990969850922e-06,,,,4.9994563091263824e-06,5.010460728565527e-06,,,5.8061725420294311e-06,,,2.743884704159839e-06,,,,1.2007783226764258e-05,2.325845081273749e-06,,,,,,,,3.5398606002895607e-06,,1.6092961528702601e-06,6.1771991343684944e-06,,,5.4879711903464393e-07,,,5.0577468243672124e-07,,,,,,,,,,4.9689070640467276e-07,,,,,3.1581357524653196e-06,,,,,1.7573356682466578e-06,,,,,,,,,,,3.6876725715523718e-06,,,,,,,,,,,,,,,,,,,,,,,,,,,,,,,,,,,,,,,,,,,,,,,,,,,,,,,,,,,,,,,,,,,,,,,,,,,,,,,,,,,,,,,,,,,,,,,,,,,,,,,,,,,,,,,,,,,,,,,,,,,,,,,,,,,,,
okt6,1980-3,1998-6,,,,,,,,,,,,,,,,,,,,,,,,,,,,,,,,,,,,,,,,,,,,,,,,,,,1.46862969564,,,,,,,,,,,,,,,1.51617851132,,,,,,,,1.54308660232,,1.57437688259,,,1.50925997317,,1.52714941214,1.5594811119,1.54777864128,1.59067479755,1.58794968138,1.587709877,1.6185125653,1.63878247105,,,1.59496452941,,,1.6897910436,,1.69452562732,,1.64914704099,,1.68525538588,1.65935207883,1.70149081741,1.66296540987,1.6813822108,1.67230538802,1.67706109525,1.68387331843,1.73563863782,1.68250545997,,1.68317687069,,1.69084032501,1.70411137623,1.67022156995,1.69971670902,1.71788864724,,1.70316528626,,,1.74059796619,,1.76219574786,1.69617296209,,,,1.71449976802,1.75521079382,,1.76105278459,,,,1.76102261783,1.74278772557,,,,,,,1.81365265554,,1.77672779371,,,,1.81343736792,1.76602031028,,,1.80419665144,,,,1.86290823619,1.87777261513,1.89174236001,1.83227565434,,1.84495744024,1.86465597578,,,,,,,1.91127291443,,,,1.8766223326,,,,,,,1.91642851244,,,1.89392608177,,1.88628032883,,,,,,,1.93774753974,,1.97201152084,1.93269202588,,1.91353659668,,,,1.95850232676,1.96613472504,,,,,,,,,,,,,,,,,,,,,,,,,2.00623432257,,,,,,,,,,,,,,,,,,,,,,,,,,,,,,,,,,,,,,,,,2.13048671658,,,,,,,,,,,,,,,,,,,,,,,,,,,,,,,,,,,,,,,,,,,,,,,,,,,,,,,,,,,,,,,,,,,,,,,,,,,,,,,,,,,,,,,,,,,,,,,,,,,,,,,,,,,,,,,,,,,,,,,,,,,,,,,,,,,,,,,,,,,,,,,,,,,,,,,,,,,,,,,,,,,,,,,,,,,,,,,,,,,,,,,,,,,,,1.30235413055e-05,,,,,,,3.74205494234e-06,,,,,3.70029149842e-06,,3.96082457141e-06,7.58619745195e-06,,,,,,3.51922634201e-06,3.88631831027e-06,1.11899802744e-05,3.45929546041e-06,1.36471962178e-05,,,2.20327542513e-05,,1.77234592883e-05,6.89827479512e-06,2.83957800352e-05,6.31252537022e-06,6.44148335573e-06,1.54586888025e-05,5.86923536954e-06,1.42887851534e-05,2.93877208533e-06,,3.92032058651e-05,,2.58377460719e-06,5.14593606463e-06,,7.29460336425e-06,2.68070760624e-06,1.59650080212e-05,2.51986375529e-06,1.25335572002e-05,7.78470209882e-06,4.85658511172e-06,5.31960987621e-06,7.75882276315e-06,1.94157957899e-05,1.65057640132e-05,5.08203462755e-06,4.43551246246e-06,7.51186882916e-06,2.4806450424e-06,1.22117198007e-05,2.4010489438e-06,9.79325442862e-06,1.62919309443e-05,5.047930821e-06,4.90474929219e-06,9.23068432342e-06,2.29633240902e-06,7.13654812304e-06,2.08573686239e-06,2.44308894025e-06,4.62640465414e-06,2.2511783351e-06,8.60846022972e-06,7.05616796872e-06,2.13960066825e-06,,2.31584081372e-06,1.12020816403e-05,6.43196589186e-06,2.24255999536e-06,1.42613110958e-05,2.27619195945e-06,,2.16052127477e-06,4.16981073219e-06,4.45510417599e-06,1.94365112377e-06,,2.10448421042e-06,,,,7.4986891404e-06,2.15087727341e-06,1.02257490331e-05,,,,3.76320865812e-06,4.1772210311e-06,,,5.71357444965e-06,,,1.69502776906e-06,4.96804857631e-06,3.1857199111e-06,3.16838453647e-06,1.18258213869e-05,,5.15001345171e-06,3.31155256118e-06,,,,,,,3.01398232079e-06,1.49621925865e-06,1.62532844907e-06,1.42072300629e-06,3.2578222842e-06,1.55075675355e-06,,,,,,2.98063164804e-06,,,3.08552928226e-06,,3.10153714917e-06,,,,,,1.47580937152e-06,5.51963237744e-06,1.37600863308e-06,2.59465083113e-06,2.81270499461e-06,,2.85405057563e-06,,,,2.68952855621e-06,3.80716539767e-06,,,,,,,,1.27418500773e-06,,,,,,,,,1.22041962766e-06,,,,,,,,2.39550895438e-06,,,,1.15993931386e-06,,,,,1.04723825858e-06,,,,,1.03572948965e-06,,,9.85941361813e-07,,,,,,,,,,9.64458196561e-07,,,,,,,,,,,9.3548491342e-07,,,1.7582581613e-06,,,,,,,,,,,,,,,,,,,,,,,,,,,,,,,,,,,,,,,,,,,,,,,,,,,,,,,,,,,,,,,,,,,,,,,,,,,,,,,,,,,,,,,,,,,,,,,,,,,,,,,,,,,,,,,,,,,,,,,,,,,,,,,,,,,,,,,,,,,,,,,,,,,,,,,,,,,,,,,,,,,,,,,,,,,,,,,,,,,,,,,,,,,,,6.4016798007797248e-06,,,,,,,1.8393950597527485e-06,,,,,1.8188663733441494e-06,,1.9469305666152026e-06,3.7289709345360507e-06,,,,,,1.7298643786327153e-06,1.910307253818704e-06,5.5003987789114713e-06,1.7004055467228933e-06,6.7082353651460216e-06,,,1.083012942004657e-05,,8.7119093543255506e-06,3.3908247672622651e-06,1.3957854259064754e-05,3.1029015232143579e-06,3.1662904058234413e-06,7.5986687132414401e-06,2.8850037505048759e-06,7.0236063409118044e-06,1.444543957472626e-06,,1.927020963235193e-05,,1.2700460899726051e-06,2.5294683057621287e-06,,3.5856387994803213e-06,1.317693193587578e-06,7.8475482951201332e-06,1.2386309164754015e-06,6.1608296912561806e-06,3.8265452546374539e-06,2.3872387763968928e-06,2.6148371087223123e-06,3.8138243505057132e-06,9.5437719133950418e-06,8.1133551621222225e-06,2.498057760091529e-06,2.1802618712533564e-06,3.6924349392963694e-06,1.2193530844145947e-06,6.002631553673131e-06,1.1802278783987611e-06,4.8138426860279424e-06,8.0082462055213433e-06,2.4812941437736264e-06,2.410913724246921e-06,4.537313161951453e-06,1.1287548028516862e-06,3.5079472545050811e-06,1.0252372398973122e-06,1.2008925033084589e-06,2.2740943135134642e-06,1.1065594631858733e-06,4.2314609118798269e-06,3.468436648426544e-06,1.0517138202557978e-06,,1.1383440963767645e-06,5.506347166378685e-06,3.1616121271010231e-06,1.1023231460302587e-06,7.0101015563426902e-06,1.1188548297047006e-06,,1.0619972770389816e-06,2.0496570411355921e-06,2.1898921149649564e-06,9.5539545250872525e-07,,1.0344524384630105e-06,,,,3.6859565057132327e-06,1.0572567992184758e-06,5.0264340164927356e-06,,,,1.8497931006416933e-06,2.0532995497114088e-06,,,2.8084891264662654e-06,,,8.331854429172155e-07,2.4420282835715802e-06,1.5659303662084755e-06,1.5574092186166469e-06,5.8129444307425043e-06,,2.5314725322572889e-06,1.6277830002482368e-06,,,,,,,1.4815133065821413e-06,7.354617596658062e-07,7.9892496656499016e-07,6.9835181986992495e-07,1.6013720555772186e-06,7.6226948970631278e-07,,,,,,1.4651198907606609e-06,,,1.5166819851547167e-06,,1.524550600596709e-06,,,,,,7.2542934535805016e-07,2.7131575252476264e-06,6.7637261367287235e-07,1.2753922628328375e-06,1.3825760848901717e-06,,1.4028993721323859e-06,,,,1.3220291031486767e-06,1.871399894453046e-06,,,,,,,,6.2632153844612127e-07,,,,,,,,,5.9989333896433213e-07,,,,,,,,1.1775047144345005e-06,,,,5.7016443542317608e-07,,,,,5.1476659453070783e-07,,,,,5.0910949621578912e-07,,,4.8463630226378465e-07,,,,,,,,,,4.7407632154700585e-07,,,,,,,,,,,4.5983459749528092e-07,,,8.6426613865767367e-07,,,,,,,,,,,,,,,,,,,,,,,,,,,,,,,,,,,,,,,,,,,,,,,,,,,,,,,,,,,,,,,,,,,,,,,,,,,,,,,,,,,,,,,,,,,,,,,,,,,,,,,,,,,,,,,,,,,,,,,,,,,,,,,,,,,,,,,,,,
p2z,1991-1,2004-8,,,,,,,,,,,,,,,,,,,,,,,,,,,,,,,,,,,,,,,,,,,,,,,,,,,,,,,,,,,,,,,,,,,,,,,,,,,,,,,,,,,,,,,,,,,,,,,,,,,,,,,,,,,,,,,,,,,,,,,,,,,,,,,,,,,,,,,,,,,,,,,,,,,,,,,,,,,,,,,,,,,,,,,,,,,,,,,,,,,,,,,,,,,,,,,,1.96373810606,,,,,,,,,,,1.93372089108,,,1.97004126841,,1.98614720631,1.96016906462,,1.92323003328,,1.98362822385,,,,,,,,1.98362728403,,1.97526912183,,,,,,,2.01765740507,2.031161515,,,,,,,2.06001824063,,2.08991934232,2.0168591446,,2.05736756413,,2.04201441253,,,2.06292105793,2.07765853894,,,2.09951972662,2.04227229629,,,2.09719833754,2.04864891078,,,2.06773815508,2.09204021923,,2.04925331034,2.10577870056,,,2.10141170629,,,,2.05833968697,2.0977676902,,2.11936710981,2.09602843167,2.14367202328,,,2.1077302956,2.12576741186,2.1078724521,,,,,2.15891028575,,,,,,2.15616801301,,2.19467438093,,2.13630377076,2.17704085687,2.14992588812,,,,,,,,2.20295558899,,,,,,,,,,,,,,,,,,,,2.22654541323,,,,,,,,,,,,,,,,,,2.26109934266,,,,,,,,,,,,,,,,,,,,,,,,,,,,,,,,,,,,,,,,,,,,,,,,,,,,,,,,,,,,,,,,,,,,,,,,,,,,,,,,,,,,,,,,,,,,,,,,,,,,,,,,,,,,,,,,,,,,,,,,,,,,,,,,,,,,,,,,,,,,,,,,,,,,,,,,,,,,,,,,,,,,,,,,,,,,,,,,,,,,,,,,,,,,,,,,,,,,,,,,,,,,,,,,,,,,,,,,,,,,,,,,,,,,,,,,,,,,,,,,,,,,,,,,,,,,,,,,,,,,,,,,,,,,,,,,,,,,,,,,,,,,,,,,,,,,,,,,,,,,,,,,,,,,,,,,,,,,,,,,,,,,,,,,,,,,,,,,,,,,,,,,,,,,,,,,,,,,,,,,,,,,,,,,,,,,,,,,,,,,,,,,,,,,,,,,,,,,,,,,,,,,,,,,,,,,,,,,,,,,,,,,,,,,,,,,,,,,,,,,,,,,,,,,,,,,,,,,,,,,,,,,,,,,,,,,,,,,,,,,,,,,,,,,,,,,,,,,,,,,,,,,,,,,,,,,,,,,,,,,,,,,,,,,,,,,,,,,,,,,,,,,,,,,,,,,,,,,,,,,,,,,,,,,,,,,,,,,,,,,,,,,,,,,,,,,,,,,,,,,,,,,,,,,,,,,,,,,,,,,,,,,,,,,,,,,,,,,,,,,,,,,,,,,,,,,,,,,,,,,,,,,,,,,,,,,,,,,,,,,,,,,,,,,,,,,,,,,,,,,,,,,,,,,,,,,,,,,,,,,,,,,,,,,,,,,,,,,,,,,,,,,,,,,,,,,,,,,,,,,,,,,,,,,,,,,,,,,,,,,,,,,,,,,,,,,,,,,,,,,,,,,,,,,,,,,,,,,,,,,,,,,,,,,,,,,,,,,,,,,,,,,,,,,,,,,,,,,,,,,,,,,,,,,,,,,,,,,,,,,
p450ia2,1987-11,1997-8,,,,,,,,,,,,,,,,,,,,,,,,,,,,,,,,,,,,,,,,,,,,,,,,,,,,,,,,,,,,,,,,,,,,,,,,,,,,,,,,,,,,,,,,,,,,,,,,,,,,,,,,,,,,,,,,,,,,,,,,,,,,,,,,,,,,,,,,,,,,,,,,,,,,,,,,,,,,,,,,1.89426588297,1.85062294853,1.9052498766,,,,,,,1.87529841744,1.89675367797,,,,1.88336227248,1.84661235149,,1.86308365367,,1.87230810583,1.92609816212,1.87160254018,,,1.89835194812,,1.92268416303,1.87219904116,,1.92155143341,1.9236045858,1.90059453053,,1.89871209803,,1.93554514963,1.96348234376,1.91330631725,,,1.9487903919,1.95895545693,1.96915982887,1.94605889428,,,,,,,1.99191905025,,,,1.98443334302,,2.02422814563,,,,,,,1.97664462686,,,,,,1.98845353159,,,,,,,2.0158951242,,2.06360689096,,,,,,,,,,,,,,,,,,,,,,2.08017130291,,,,,,,,,,,,,,,,,,,,,,,,,,,,,,,,,,,,,,,,,,,,,,,,,,,,,,,,,,,,,,,,,,,,,,,,,,,,,,,,,,,,,,,,,,,,,,,,,,,,,,,,,,,,,,,,,,,,,,,,,,,,,,,,,,,,,,,,,,,,,,,,,,,,,,,,,,,,,,,,,,,,,,,,,,,,,,,,,,,,,,,,,,,,,,,,,,,,,,,,,,,,,,,,,,,,,,,,,,,,,,,,,,,,,,,,,,,,,,,,,,,,,,,,,,,,,,,,,,,,,,,,,,,,,,,,,,,,,,,,,,,,,,,,,,,2.92945791118e-06,,,,,,,2.54950423808e-06,,,,,,,,,,4.29304380248e-06,6.86723587323e-06,4.07164946403e-06,,,,2.10076483435e-06,2.15811422126e-06,,1.10388065369e-05,4.16771544809e-06,,,2.20225990405e-06,2.69503794055e-05,1.98640288847e-05,,2.63604557655e-05,,6.34419898278e-06,5.66145237787e-06,8.33028587167e-06,,2.01041120277e-06,9.89729428179e-06,2.09038899952e-06,1.12676036054e-05,1.89111062985e-05,,5.80434332802e-06,3.75920744663e-06,1.21029301583e-05,,1.99966708685e-05,1.86972440507e-06,5.593322338e-06,5.2734837937e-06,1.524444474e-05,,,3.7142954484e-06,3.52063548457e-06,3.48130776725e-06,5.46631750358e-06,1.71952274389e-06,1.88360842761e-06,,,,,8.1522663482e-06,,,1.673346677e-06,1.46652142972e-05,,4.60382690287e-06,,,,1.57092694895e-06,,1.51271959651e-06,6.87955436537e-06,,,,,,9.73747796585e-06,,,,,,1.6262881147e-06,7.64295793693e-06,1.47869054856e-06,2.83793817573e-06,,1.29063011077e-06,,,,,,1.33591406101e-06,,,,,,,,,,1.30680516706e-06,,,,2.70160544257e-06,,,,,,,,,,,,,,,,,,,,,,,,,,,,,,,,,,,,,,,,,,,,,,,,,,,,,,,,,,,,,,,,,,,,,,,,,,,,,,,,,,,,,,,,,,,,,,,,,,,,,,,,,,,,,,,,,,,,,,,,,,,,,,,,,,,,,,,,,,,,,,,,,,,,,,,,,,,,,,,,,,,,,,,,,,,,,,,,,,,,,,,,,,,,,,,,,,,,,,,,,,,,,,,,,,,,,,,,,,,,,,,,,,,,,,,,,,,,,,,,,,,,,,,,,,,,,,,,,,,,,,,,,,,,,,,,,,,,,,,,,,,,,,,,,,,1.0627342664848683e-06,,,,,,,9.2489655032084667e-07,,,,,,,,,,1.5574092186166469e-06,2.4912618988896445e-06,1.4770928744301191e-06,,,,7.6210508667040096e-07,7.829100138888236e-07,,4.0046036924047886e-06,1.5119432174605251e-06,,,7.9892496656499016e-07,9.7769254781789499e-06,7.2061742500974834e-06,,9.5629158948903127e-06,,2.301517160111946e-06,2.053833720252786e-06,3.022019948353679e-06,,7.293270426444815e-07,3.5904915167456934e-06,7.5834099257735835e-07,4.0876055624136495e-06,6.8604777026851908e-06,,2.1056709931186673e-06,1.3637467031423452e-06,4.390641201923394e-06,,7.2542934535805013e-06,6.7828938131190659e-07,2.0291178410186174e-06,1.9130883942492564e-06,5.5303043395606867e-06,,,1.347453750334337e-06,1.2771987455353922e-06,1.2629316305647137e-06,1.9830436547230151e-06,6.2379996481768203e-07,6.8332615840867e-07,,,,,2.9574389052270957e-06,,,6.0704843943022437e-07,5.3201739815118043e-06,,1.6701535761885092e-06,,,,5.698931165459918e-07,,5.487769408319678e-07,2.4957307406018578e-06,,,,,,3.5325141433035014e-06,,,,,,5.8997676671492679e-07,2.7726745162930671e-06,5.3643205095675343e-07,1.0295331890614157e-06,,4.6820841454798458e-07,,,,,,4.8463630226378465e-07,,,,,,,,,,4.7407632154700585e-07,,,,9.800750737506493e-07,,,,,,,,,,,,,,,,,,,,,,,,,,,,,,,,,,,,,,,,,,,,,,,,,,,,,,,,,,,,,,,,,,,,,,,,,,,,,,,,,,,,,,,,,,,,,,,,,,,,,,,,,,,,,,,,,,,,,,,,,,,,,,,,,,,,,,,,,,,,,,,,,,,,
pesetas,1989-5,2004-2,,,,,,,,,,,,,,,,,,,,,,,,,,,,,,,,,,,,,,,,,,,,,,,,,,,,,,,,,,,,,,,,,,,,,,,,,,,,,,,,,,,,,,,,,,,,,,,,,,,,,,,,,,,,,,,,,,,,,,,,,,,,,,,,,,,,,,,,,,,,,,,,,,,,,,,,,,,,,,,,,1.86065536901,,,,,,,1.91708874733,,,,,,,,,,,,,,,,,,,,,,,,,,,,,,,,,,,1.95588869001,,1.92496488119,,,,,,,,,,,,,2.00183265382,,,,2.03023185962,,,2.01266390533,2.03689352756,,,,2.0065962323,,2.03476985048,,2.05262923799,2.00828987674,,2.03314376141,,2.00918408807,,,,2.05827489813,,,2.08260883399,,,,,,,,,2.08604375545,2.09504065448,,2.10603706389,,,2.09354105064,2.10595907897,,,,2.09588160251,,,,,,2.07935709575,2.09487413013,,,,,,2.12537534437,,,2.14832341463,,,,2.16143190667,,2.16496038958,2.12363102142,2.15062826074,2.16263108031,,2.1235564932,,,,2.16146882428,2.16102860013,,2.2056719214,,2.16610698348,,2.18643428196,,2.21118763096,,,,,,,,2.17473496392,,,,,,,,,,,,,,2.23145295137,,,2.19538469122,,,,,2.28498972822,,,,,,,,,,,,,,,,,,,,,,,,,,,,,,,,,,,,,,,,,,,,,,,,,,,,,,,,,,,,,,,,,,,,,,,,,,,,,,,,,,,,,,,,,,,,,,,,,,,,,,,,,,,,,,,,,,,,,,,,,,,,,,,,,,,,,,,,,,,,,,,,,,,,,,,,,,,,,,,,,,,,,,,,,,,,,,,,,,,,,,,,,,,,,,,,,,,,,,,,,,,,,,,,,,,,,,,,,,,,,,,,,,,,,,,,,3.85133620739e-06,,,,,,1.81549540313e-06,4.9894895802e-06,,,,,,,,,,1.66121873555e-06,,,,,,,,,,,1.62761830465e-06,,,,,,,,1.60303258488e-06,1.46172039959e-06,,,1.48085246725e-06,,6.13132471673e-06,1.44653401861e-06,7.92284858681e-06,1.46823127786e-06,,,,,,,,,,,,4.14495137184e-06,1.34639733466e-06,,,2.54512522703e-06,,1.33120939489e-06,2.67171481839e-06,5.06271471195e-06,,,1.36526188086e-06,7.80532749801e-06,,3.7351539971e-06,,3.62193186019e-06,2.7362023449e-06,,6.21967981841e-06,,1.40142392215e-05,,,,2.36115500804e-06,1.17284438147e-06,,4.49530578657e-06,,,1.15751517159e-06,1.109040869e-06,,1.06029370331e-06,1.20995830015e-06,,3.42210263594e-06,3.2980165047e-06,1.18150925475e-06,2.14697197805e-06,1.22057044431e-06,1.13635140664e-06,2.2006348422e-06,4.26072859085e-06,1.1646015519e-06,1.01877443476e-06,,3.26709367944e-06,1.06631360328e-06,,1.09268131463e-06,,1.12422581483e-06,7.55976404204e-06,6.24965914717e-06,1.02140763531e-06,,,1.07448627924e-06,,4.02137163324e-06,9.90802074094e-07,1.06374948518e-06,3.83159767679e-06,,1.02901223792e-06,9.94433206689e-07,1.89283453887e-06,,1.8570694695e-06,4.06934102453e-06,3.8445407881e-06,4.5968229335e-06,9.19621627911e-07,9.00242194474e-06,,,,2.71115495258e-06,1.8328417986e-06,,1.68756205277e-06,,5.39503367432e-06,,1.71725466782e-06,,2.45105120195e-06,,,,8.62934796305e-07,,,9.25784867333e-07,7.71102599941e-06,,,,7.80661593166e-07,,,8.24118412511e-07,,8.64068244936e-07,,,,,2.33633043509e-06,,,1.68508920394e-06,,,,,1.38469315871e-06,,7.37625387509e-07,,,,,,,,,,,,,,,,,,,,,,,,,,,,,,,,,,,,,,,,,,,,,,,,,,,,,,,,,,,,,,,,,,,,,,,,,,,,,,,,,,,,,,,,,,,,,,,,,,,,,,,,,,,,,,,,,,,,,,,,,,,,,,,,,,,,,,,,,,,,,,,,,,,,,,,,,,,,,,,,,,,,,,,,,,,,,,,,,,,,,,,,,,,,,,,,,,,,,,,,,,,,,,,,,,,,,,,,,,,,,,,,,,,,,,,1.6608412659264297e-06,,,,,,7.829100138888236e-07,2.1516558785031646e-06,,,,,,,,,,7.16380102685924e-07,,,,,,,,,,,7.0189033103955578e-07,,,,,,,,6.9128804244508583e-07,6.3034890442208665e-07,,,6.385993727676961e-07,,2.6440582062973535e-06,6.2379996481768203e-07,3.4166307920433502e-06,6.3315664042021344e-07,,,,,,,,,,,,1.7874591863485784e-06,5.8061725420294318e-07,,,1.0975538816639355e-06,,5.740676423903028e-07,1.1521440825303849e-06,2.1832333139571376e-06,,,5.8875235721725024e-07,3.3659512711234478e-06,,1.61073911985993e-06,,1.5619134689525444e-06,1.1799535334298536e-06,,2.6821602547837667e-06,,6.0434679177011529e-06,,,,1.0182189924315782e-06,5.0577468243672124e-07,,1.9385452090551386e-06,,,4.991641496314422e-07,4.78260204159716e-07,,4.5723858983960987e-07,5.2177960238307175e-07,,1.4757395791879399e-06,1.4222289646410175e-06,5.0951130223446187e-07,9.2585520087585897e-07,5.2635595874421994e-07,4.900375368753247e-07,9.4899664956732875e-07,1.8373866849180412e-06,5.022200637919925e-07,4.3933391706166445e-07,,1.40889387741684e-06,4.5983459749528092e-07,,4.7120534799221758e-07,,4.8480852487310134e-07,3.2600550576727024e-06,2.695088470770867e-06,4.4046945234230645e-07,,,4.6335896326212121e-07,,1.7341669473849412e-06,4.2727118132790756e-07,4.5872885317327975e-07,1.6523292679148638e-06,,4.4374884347957669e-07,4.2883706250042882e-07,8.1626156285520134e-07,,8.0083831755081218e-07,1.7548531560814655e-06,1.6579108251214938e-06,1.9823232273173656e-06,3.965754913173762e-07,3.882183495285088e-06,,,,1.1691521542407876e-06,7.9039043311419763e-07,,7.2774033351611742e-07,,2.3265417701493059e-06,,7.4054490775402354e-07,,1.0569856179490251e-06,,,,3.7212999393800239e-07,,,3.9923331234696889e-07,3.3252849122586628e-06,,,,3.3665068922495607e-07,,,3.5539090689717795e-07,,3.726187796884013e-07,,,,,1.0075137013467437e-06,,,7.2667394793962498e-07,,,,,5.9713185626797371e-07,,3.18091856021447e-07,,,,,,,,,,,,,,,,,,,,,,,,,,,,,,,,,,,,,,,,,,,,,,,,,,,,,,,,,,,,,,,,,,,,,,
rgsta2,1996-7,2004-2,,,,,,,,,,,,,,,,,,,,,,,,,,,,,,,,,,,,,,,,,,,,,,,,,,,,,,,,,,,,,,,,,,,,,,,,,,,,,,,,,,,,,,,,,,,,,,,,,,,,,,,,,,,,,,,,,,,,,,,,,,,,,,,,,,,,,,,,,,,,,,,,,,,,,,,,,,,,,,,,,,,,,,,,,,,,,,,,,,,,,,,,,,,,,,,,,,,,,,,,,,,,,,,,,,,,,,,,,,,,,,,,,,,,,,,,,,,,,,,,,,,,,,,2.01966165964,,,,,,,,,,,2.10287700586,,,,,,,2.06973181629,,2.10844383219,,,,,,2.10841142853,,2.07341971736,2.14711139195,2.09377648207,,,,,,,,,,,,,,,,,,,,,,2.13414208581,,,,,,2.14727882877,,,,,,,,,,,,,,2.14834375952,,,,2.18807706176,2.24443448248,,,2.20787200421,,,,,,,,,,,2.24483528565,,,,,,,,,,,,,,,,,,,,,,,,,,,,,,,,,,,,,,,,,,,,,,,,,,,,,,,,,,,,,,,,,,,,,,,,,,,,,,,,,,,,,,,,,,,,,,,,,,,,,,,,,,,,,,,,,,,,,,,,,,,,,,,,,,,,,,,,,,,,,,,,,,,,,,,,,,,,,,,,,,,,,,,,,,,,,,,,,,,,,,,,,,,,,,,,,,,,,,,,,,,,,,,,,,,,,,,,,,,,,,,,,,,,,,,,,,,,,,,,,,,,,,,,,,,,,,,,,,,,,,,,,,,,,,,,,,,,,,,,,,,,,,,,,,,,,,,,,,,,,,,,,,,,,,,,,,,,,1.21287298129e-05,,,,,,,,,,,3.37366106406e-06,,,,,,,5.38581218981e-06,,3.35112029615e-06,,,,,,3.27348345236e-06,,2.01558905105e-05,3.06780314997e-06,1.18188164207e-05,,,,,1.50520267934e-06,,,,1.48716011429e-06,,,,,,,1.57178061359e-06,,,,,,1.07633729433e-05,1.32588185799e-06,,,,,1.14558361785e-05,,,,,,,,,1.34630894344e-06,,,,,5.7511839891e-06,,,,2.71552067231e-06,9.36436757406e-06,,,1.38300550959e-05,,,,,1.2341970546e-06,,,,,,9.2725869742e-06,,,,,,,,,,,,,,,,,,,,,,,,,,,,,,,,,,,,,,,,,,,,,,,,,,,,,,,,,,,,,,,,,,,,,,,,,,,,,,,,,,,,,,,,,,,,,,,,,,,,,,,,,,,,,,,,,,,,,,,,,,,,,,,,,,,,,,,,,,,,,,,,,,,,,,,,,,,,,,,,,,,,,,,,,,,,,,,,,,,,,,,,,,,,,,,,,,,,,,,,,,,,,,,,,,,,,,,,,,,,,,,,,,,,,,,,,,,,,,,,,,,,,,,,,,,,,,,,,,,,,,,,,,,,,,,,,,,,,,,,,,,,,,,,,,,,,,,,,,,,,,,,,,,,,,,,,,,,,3.3285642404576998e-06,,,,,,,,,,,9.2585520087585897e-07,,,,,,,1.4780625949655218e-06,,9.1966919499056185e-07,,,,,,8.9836282359028908e-07,,5.5315088573285579e-06,8.4191667382295843e-07,3.2435127428348486e-06,,,,,4.1308231697871595e-07,,,,4.0813078142760067e-07,,,,,,,4.3135372169834315e-07,,,,,,2.9538606959295802e-06,3.6387016675805871e-07,,,,,3.1438977730200124e-06,,,,,,,,,3.6947610136207364e-07,,,,,1.5783338949571444e-06,,,,7.452375593768026e-07,2.5699227802452607e-06,,,3.7954697273334547e-06,,,,,3.3870852471776263e-07,,,,,,2.544734848171576e-06,,,,,,,,,,,,,,,,,,,,,,,,,,,,,,,,,,,,,,,,,,,,,,,,,,,,,,,,,,,,,,,,,,,,,,
riib1,1992-4,2002-11,,,,,,,,,,,,,,,,,,,,,,,,,,,,,,,,,,,,,,,,,,,,,,,,,,,,,,,,,,,,,,,,,,,,,,,,,,,,,,,,,,,,,,,,,,,,,,,,,,,,,,,,,,,,,,,,,,,,,,,,,,,,,,,,,,,,,,,,,,,,,,,,,,,,,,,,,,,,,,,,,,,,,,,,,,,,,,,,,,,,,,,,,,,,,,,,,,,,1.97037977189,,,1.92899262916,1.93298685581,,,,,,,1.96890713032,1.99021319476,,,,,,,1.96702038144,,1.95962847332,,,2.01926596552,,,,,,,,,1.97769409918,,2.03586388233,2.04158525263,,,,,,,,,,2.05857622511,,,,2.09242189187,2.01719729688,2.07336953547,,2.09814744032,,,,,,2.09556096591,2.06093181286,2.09551217454,,2.06202557955,,,,,,,,,2.08782481645,,2.08351753428,2.09632092406,2.10697915196,,,,,2.09427317132,,,,,,,,,,,2.11492364891,,,,,,,,,,,,,,,,,,,,,,,2.22022034145,,,,,,,,,,,2.19650524509,,,,,,,,,,,,,,,,,,,,,,,,,,,,,,,,,,,,,,,,,,,,,,,,,,,,,,,,,,,,,,,,,,,,,,,,,,,,,,,,,,,,,,,,,,,,,,,,,,,,,,,,,,,,,,,,,,,,,,,,,,,,,,,,,,,,,,,,,,,,,,,,,,,,,,,,,,,,,,,,,,,,,,,,,,,,,,,,,,,,,,,,,,,,,,,,,,,,,,,,,,,,,,,,,,,,,,,,,,,,,,,,,,,,,,,,,,,,,,,,,,,,,,,,,,,,,,,,,,,,,,,,,,,,,,,,,,,,,,,,,3.85779767536e-06,,,4.24348029567e-06,6.11365314482e-06,,,,,,,7.55078391315e-06,3.68428574208e-06,,1.7891281398e-06,,1.89449304772e-06,,,5.67087029501e-06,,1.31879218865e-05,,,5.17142624498e-06,,1.65993668641e-06,,,,,,,1.60276864389e-05,,3.29525257014e-06,6.49620336509e-06,,,,,,1.55706242668e-06,,1.41623356662e-06,,3.15684219856e-06,,,,2.931849055e-06,5.03410902016e-06,3.07070315062e-06,,4.33991445047e-06,1.53737581617e-06,,,,,5.73593108413e-06,4.62349876492e-06,5.60104078682e-06,,7.41131072255e-06,,,,1.32889418679e-06,,,,,5.7011946805e-06,,5.86578186102e-06,2.81742626833e-06,8.15208492354e-06,,,,,6.85162347655e-06,,,,,,,,,,,1.06161353231e-05,1.25370929272e-06,,,,,,1.25770498577e-06,,,,,,,1.1332429179e-06,,,,,,,,,4.19248214739e-06,,1.11758875012e-06,,,,,,,,,3.38128410522e-06,,,,,,,,,,,,,,,,,,,,,,,,,,,,,,,,,,,,,,,,,,,,,,,,,,,,,,,,,,,,,,,,,,,,,,,,,,,,,,,,,,,,,,,,,,,,,,,,,,,,,,,,,,,,,,,,,,,,,,,,,,,,,,,,,,,,,,,,,,,,,,,,,,,,,,,,,,,,,,,,,,,,,,,,,,,,,,,,,,,,,,,,,,,,,,,,,,,,,,,,,,,,,,,,,,,,,,,,,,,,,,,,,,,,,,,,,,,,,,,,,,,,,,,,,,,,,,,,,,,,,,,,,,,,,,,,,,,,,,,,,1.2753922628328375e-06,,,1.4028993721323859e-06,2.0211806255015055e-06,,,,,,,2.4962976785055664e-06,1.2180290219775067e-06,,5.9148778104541919e-07,,6.2632153844612127e-07,,,1.8747961159223935e-06,,4.359941850832686e-06,,,1.7096793496379753e-06,,5.487769408319678e-07,,,,,,,5.2987712149552515e-06,,1.0894142165287015e-06,2.14765215981324e-06,,,,,,5.1476659453070783e-07,,4.6820841454798458e-07,,1.0436555915674716e-06,,,,9.692726045275693e-07,1.6642821202288499e-06,1.015177925159053e-06,,1.4347806124791479e-06,5.0825817889061468e-07,,,,,1.8963052861880234e-06,1.5285339067033855e-06,1.8517104017517179e-06,,2.450187684376623e-06,,,,4.3933391706166445e-07,,,,,1.8848213919688703e-06,,1.9392340994924054e-06,9.3144430219220075e-07,2.695088470770867e-06,,,,,2.265154449556143e-06,,,,,,,,,,,3.5097063121629311e-06,4.1447770628037344e-07,,,,,,4.1579868690774674e-07,,,,,,,3.7465138688450397e-07,,,,,,,,,1.3860393267868386e-06,,3.6947610136207364e-07,,,,,,,,,1.1178563390652038e-06,,,,,,,,,,,,,,,,,,,,,,,,,,,,,,,,,,,,,,,,,,,,,,,,,,,,,,,,,,,,,,,,,,,,,,,,,,,,,,,,,,,,,
sivsmmpbj14,1991-9,1999-10,,,,,,,,,,,,,,,,,,,,,,,,,,,,,,,,,,,,,,,,,,,,,,,,,,,,,,,,,,,,,,,,,,,,,,,,,,,,,,,,,,,,,,,,,,,,,,,,,,,,,,,,,,,,,,,,,,,,,,,,,,,,,,,,,,,,,,,,,,,,,,,,,,,,,,,,,,,,,,,,,,,,,,,,,,,,,,,,,,,,,,,,,,,,,1.90796610776,,,,,,,,,1.9719838461,,,,,,,,,1.97430225656,,,,,,,,,,,,,,,,,2.00370953067,,,,2.05230328002,,,,,,,,,,,,,2.02605401867,,,,,,,,,,2.0460840233,,,,,,,,,,,,,,,,,,2.10286029148,2.12813885596,2.08598516218,2.10124387586,,,,2.14660318297,2.08675543216,,,,,,,,,2.1620201629,,,,,,,,,,,,,,,,,,,,,,,,,,,,,,,,,,,,,,,,,,,,,,,,,,,,,,,,,,,,,,,,,,,,,,,,,,,,,,,,,,,,,,,,,,,,,,,,,,,,,,,,,,,,,,,,,,,,,,,,,,,,,,,,,,,,,,,,,,,,,,,,,,,,,,,,,,,,,,,,,,,,,,,,,,,,,,,,,,,,,,,,,,,,,,,,,,,,,,,,,,,,,,,,,,,,,,,,,,,,,,,,,,,,,,,,,,,,,,,,,,,,,,,,,,,,,,,,,,,,,,,,,,,,,,,,,,,,,,,,,,,,,,,,,,,,,,,,,,,,,,,,,,,,,,,1.70463558019e-05,,,,2.51686179924e-06,,,,,4.37396443329e-06,,,,,,,,,4.33042604822e-06,,,,,,,,,,2.16096088701e-06,,,,2.08131727524e-06,,,5.97514669853e-06,1.99866978576e-06,,,8.93575614311e-06,,1.94634947947e-06,,1.86280845739e-06,1.978173472e-06,,,,,,,,9.52020009439e-06,,1.76634464935e-06,,,,,,,,7.05356408745e-06,,,,1.70668243859e-06,,,,,,,,,,,1.62937585488e-06,,,3.26967401456e-06,7.49638280655e-06,3.36406588459e-06,3.23162634281e-06,,,,5.84202425238e-06,6.43045656441e-06,,,,,1.43318037821e-06,,,,2.83200226029e-06,,,,,,,,,,,,,,,,,,,,,,,,,,,,,,,,,,,,,,,,,,,,,,,,,,,,,,,,,,,,,,,,,,,,,,,,,,,,,,,,,,,,,,,,,,,,,,,,,,,,,,,,,,,,,,,,,,,,,,,,,,,,,,,,,,,,,,,,,,,,,,,,,,,,,,,,,,,,,,,,,,,,,,,,,,,,,,,,,,,,,,,,,,,,,,,,,,,,,,,,,,,,,,,,,,,,,,,,,,,,,,,,,,,,,,,,,,,,,,,,,,,,,,,,,,,,,,,,,,,,,,,,,,,,,,,,,,,,,,,,,,,,,,,,,,,,,,,,,,,,,,,,,,,,,,,4.91323231727689e-06,,,,7.2542934535805016e-07,,,,,1.2606978088441733e-06,,,,,,,,,1.2481488392527832e-06,,,,,,,,,,6.228488358332409e-07,,,,5.9989333896433213e-07,,,1.7222029271709085e-06,5.7607204126519245e-07,,,2.5755326459065001e-06,,5.6099187852057468e-07,,5.3691303995331e-07,5.7016443542317608e-07,,,,,,,,2.7439855951732198e-06,,5.0910949621578912e-07,,,,,,,,2.0330327155624587e-06,,,,4.9191319306264667e-07,,,,,,,,,,,4.6963129247228003e-07,,,9.4241069598443515e-07,2.1606653466441844e-06,9.6961704974620269e-07,9.3144430219220075e-07,,,,1.6838333476459169e-06,1.8534358530484849e-06,,,,,4.1308231697871595e-07,,,,8.1626156285520134e-07,,,,,,,,,,,,,,,,,,,,,,,,,,,,,,,,,,,,,,,,,,,,,,,,,,,,,,,,,,,,,,,,,,,,,,,,,,,,,,,,,,,,,,,,,,,,,,,,,,,,,,,,,,,,,,,,,,,,,,,,,,
tfiiib70,1993-10,2002-1,,,,,,,,,,,,,,,,,,,,,,,,,,,,,,,,,,,,,,,,,,,,,,,,,,,,,,,,,,,,,,,,,,,,,,,,,,,,,,,,,,,,,,,,,,,,,,,,,,,,,,,,,,,,,,,,,,,,,,,,,,,,,,,,,,,,,,,,,,,,,,,,,,,,,,,,,,,,,,,,,,,,,,,,,,,,,,,,,,,,,,,,,,,,,,,,,,,,,,,,,,,,,,,,,,,,,,1.99956288747,,,,,,,,2.02804055539,,2.01062812862,,,,,,,,,,2.03920018984,,,,,2.02955761874,,,,,2.05363752989,,,,,,,,2.10331223965,,,,,,,2.0462892863,,,,,2.11650196495,,,,,,,,,,,,,,,,,2.10901968344,,,,,,,,2.12821854846,,,,,,,2.13308176188,,,,,,,,,,,,,,,,,2.14910464905,,,,,,,,,,,,,,,,,,,,,,,,,,,,,,,,,,,,,,,,,,,,,,,,,,,,,,,,,,,,,,,,,,,,,,,,,,,,,,,,,,,,,,,,,,,,,,,,,,,,,,,,,,,,,,,,,,,,,,,,,,,,,,,,,,,,,,,,,,,,,,,,,,,,,,,,,,,,,,,,,,,,,,,,,,,,,,,,,,,,,,,,,,,,,,,,,,,,,,,,,,,,,,,,,,,,,,,,,,,,,,,,,,,,,,,,,,,,,,,,,,,,,,,,,,,,,,,,,,,,,,,,,,,,,,,,,,,,,,,,,,,,,,,,,,,,,,,,,,,,,,,,,,,,,4.36564307354e-06,,,,,,,,6.07927813946e-06,,6.35944517578e-06,,,,,,,,,,1.15351134508e-05,2.17856144808e-06,,,,1.01437478412e-05,,,,,7.47053976859e-06,,,,,,,,1.68840947746e-05,,,1.81644969543e-06,,,,7.77453529957e-06,,1.75214316202e-06,,,4.8668828429e-06,,1.73417104929e-06,,,,,,,,,,,,,,,8.46956228642e-06,,,,,,,1.47859677126e-06,3.24000507187e-06,,,,,,,4.60616268588e-06,,,,,,,,,,,,1.41266804278e-06,,1.37413556636e-06,,,7.37108944062e-06,,,,,,,,,,,,,,,,,,,,,,,,,,,,,,,,,,,,,,,,,,,,,,,,,,,,,,,,,,,,,,,,,,,,,,,,,,,,,,,,,,,,,,,,,,,,,,,,,,,,,,,,,,,,,,,,,,,,,,,,,,,,,,,,,,,,,,,,,,,,,,,,,,,,,,,,,,,,,,,,,,,,,,,,,,,,,,,,,,,,,,,,,,,,,,,,,,,,,,,,,,,,,,,,,,,,,,,,,,,,,,,,,,,,,,,,,,,,,,,,,,,,,,,,,,,,,,,,,,,,,,,,,,,,,,,,,,,,,,,,,,,,,,,,,,,,,,,,,,,,,,,,,,,,,1.182260884780401e-06,,,,,,,,1.6463308224959033e-06,,1.7222029271709085e-06,,,,,,,,,,3.1238269379050888e-06,5.8997676671492679e-07,,,,2.7470308716823422e-06,,,,,2.023098729746885e-06,,,,,,,,4.5723858983960988e-06,,,4.9191319306264667e-07,,,,2.1054238349768798e-06,,4.7449832478366438e-07,,,1.3180017511849935e-06,,4.6963129247228003e-07,,,,,,,,,,,,,,,2.293644265866399e-06,,,,,,,4.0041915877540609e-07,8.7742657804073277e-07,,,,,,,1.2473960607232402e-06,,,,,,,,,,,,3.8256498344450037e-07,,3.7212999393800239e-07,,,1.9961665617348445e-06,,,,,,,,,,,,,,,,,,,,,,,,,,,,,,,,,,,,,,,,,,,,,,,,,,,,,,,,,,,,,,,,,,,,,,,,,,,,,,,,,,,,,,,,,,,,,,,
trimoprostil,1983-8,1989-6,,,,,,,,,,,,,,,,,,,,,,,,,,,,,,,,,,,,,,,,,,,,,,,,,,,,,,,,,,,,,,,,,,,,,,,,,,,,,,,,,,,,,,,,,,,,1.62609752796,,,,,,1.67008259975,,1.70287861564,,,,,,,,,,1.68431609126,,,1.70347037304,,,,,,,,1.70272196415,,1.73492421404,,,,,,,,,1.7727051143,,,1.74451760111,,1.727354258,,,,1.7613677508,,,,,,1.7777463871,1.8091283996,,1.81039914526,,1.79879913822,,,,,,,,,,,,,,,,,,,,,,,,,,,,,,,,,,,,,,,,,,,,,,,,,,,,,,,,,,,,,,,,,,,,,,,,,,,,,,,,,,,,,,,,,,,,,,,,,,,,,,,,,,,,,,,,,,,,,,,,,,,,,,,,,,,,,,,,,,,,,,,,,,,,,,,,,,,,,,,,,,,,,,,,,,,,,,,,,,,,,,,,,,,,,,,,,,,,,,,,,,,,,,,,,,,,,,,,,,,,,,,,,,,,,,,,,,,,,,,,,,,,,,,,,,,,,,,,,,,,,,,,,,,,,,,,,,,,,,,,,,,,,,,,,,,,,,,,,,,,,,,,,,,,,,,,,,,,,,,,,,,,,,,,,,,,,,,,,,,,,,,,,,,,4.1921067154e-05,,,,,,9.65934431221e-06,,1.36497707816e-05,,,,,,,,,,3.60208844982e-05,,,1.33317776452e-05,,,,,,,,1.77377704249e-05,4.19868584682e-06,1.63444252216e-05,,,,,,,3.89154662945e-06,,2.21877071283e-05,,3.9185794895e-06,1.17646649305e-05,,2.42593342973e-05,,,,7.54676836408e-06,,,,,,1.82374420935e-05,7.00053071532e-06,,2.73223500541e-05,,7.16656433662e-06,,,,,3.07663926352e-06,,,,,2.72717314733e-06,,,,,,,,,,,,,,,,,,,,,,,,,,,,,,,,,,,,,,,,,,,,,,,,,,,,,,,,,,,,,,,,,,,,,,,,,,,,,,,,,,,,,,,,,,,,,,,,,,,,,,,,,,,,,,,,,,,,,,,,,,,,,,,,,,,,,,,,,,,,,,,,,,,,,,,,,,,,,,,,,,,,,,,,,,,,,,,,,,,,,,,,,,,,,,,,,,,,,,,,,,,,,,,,,,,,,,,,,,,,,,,,,,,,,,,,,,,,,,,,,,,,,,,,,,,,,,,,,,,,,,,,,,,,,,,,,,,,,,,,,,,,,,,,,,,,,,,,,,,,,,,,,,,,,,,,,,,,,,,,,,,,,,,,,,,,,,,,,,1.1352654605417204e-05,,,,,,2.6158494317067108e-06,,3.6964978147537086e-06,,,,,,,,,,9.754824675316757e-06,,,3.6103820145209566e-06,,,,,,,,4.8035700132338357e-06,1.1370471567567321e-06,4.4262378527434931e-06,,,,,,,1.0538707090336744e-06,,6.0086584768651623e-06,,1.0611914845750512e-06,3.185991831116945e-06,,6.5696763448948688e-06,,,,2.0437422146195013e-06,,,,,,4.9388862218903292e-06,1.8958154613229948e-06,,7.3991724025667733e-06,,1.9407790675332891e-06,,,,,8.331854429172155e-07,,,,,7.3854643721505955e-07,,,,,,,,,,,,,,,,,,,,,,,,,,,,,,,,,,,,,,,,,,,,,,,,,,,,,,,,,,,,,,,,,,,,,,,,,,,,,,,,,,,,,,,,,,,,,,,,,,,,,,,,,,,,,,,,,,,,,,,,,,,,,,,,,,,,,,,,,,,,,,,,,,,,,,,,,,,,,,,,,,,,,,,,,,,,,,,,,,,,,,,,,,,,,,,,,,,,,,,,,,,,,,,,,,,,,,,,,,,,,,,,,,,,,,,,,,,,,,,,,,,,,,
variglass,1993-6,2002-6,,,,,,,,,,,,,,,,,,,,,,,,,,,,,,,,,,,,,,,,,,,,,,,,,,,,,,,,,,,,,,,,,,,,,,,,,,,,,,,,,,,,,,,,,,,,,,,,,,,,,,,,,,,,,,,,,,,,,,,,,,,,,,,,,,,,,,,,,,,,,,,,,,,,,,,,,,,,,,,,,,,,,,,,,,,,,,,,,,,,,,,,,,,,,,,,,,,,,,,,,,,,,,,,,,1.99967785345,,,,,,,,2.00258670382,,2.01465348658,,,,,,2.02315151452,1.99785130996,,,2.02433510006,,,2.00542858355,2.04310340782,,,,,,,,2.05731266053,,,2.03528853546,2.0894912736,2.02723682631,,,2.08082934542,2.07053878424,,,,,,,2.10500705054,,,,,,,,,,,,2.13004291333,,,,,,,,2.11309353783,,,,,,,,,,,2.13074180514,,,,,,,,,,,,,,,,,,,,,,,,,,,,,,,,,,,,,,,,,,,,,,,,,,,,,,,,,,,,,,,,,,,,,,,,,,,,,,,,,,,,,,,,,,,,,,,,,,,,,,,,,,,,,,,,,,,,,,,,,,,,,,,,,,,,,,,,,,,,,,,,,,,,,,,,,,,,,,,,,,,,,,,,,,,,,,,,,,,,,,,,,,,,,,,,,,,,,,,,,,,,,,,,,,,,,,,,,,,,,,,,,,,,,,,,,,,,,,,,,,,,,,,,,,,,,,,,,,,,,,,,,,,,,,,,,,,,,,,,,,,,,,,,,,,,,,,,,,,,,,,,,,,,,,,,,,,,,,,,,,,,,,,,,3.88862679284e-06,,,,,,,,3.91710638038e-06,1.9085802644e-06,3.74665667335e-06,,,,,,3.58831569803e-06,7.64541871267e-06,,,3.68813713366e-06,,,9.37110102255e-06,6.84567374915e-06,,,,1.69211878563e-06,1.80598453437e-06,,,6.8613202604e-06,1.67352301342e-06,,3.5630631254e-06,4.77922732343e-06,3.64717144967e-06,,,3.14423307369e-06,3.34144919887e-06,,,,,1.55836345644e-06,,3.04343171219e-06,,,,,,,,,,,1.54892611466e-06,4.2614681621e-06,,,,,,,,2.97836762305e-06,,,,,,,,,1.48346662937e-06,,2.88423920955e-06,,,,,,1.45139957422e-06,,,1.29906885379e-06,,1.19609848666e-06,,,,,,,,,,,1.27645590644e-06,,,,,,,1.1066237815e-06,,,,,,,,,,,,,,,,,,,,,,,,,,,,,,,,,,,,,,,,,,,,,,,,,,,,,,,,,,,,,,,,,,,,,,,,,,,,,,,,,,,,,,,,,,,,,,,,,,,,,,,,,,,,,,,,,,,,,,,,,,,,,,,,,,,,,,,,,,,,,,,,,,,,,,,,,,,,,,,,,,,,,,,,,,,,,,,,,,,,,,,,,,,,,,,,,,,,,,,,,,,,,,,,,,,,,,,,,,,,,,,,,,,,,,,,,,,,,,,,,,,,,,,,,,,,,,,,,,,,,,,,,,,,,,,,,,,,,,,,,,,,,,,,,,,,,,,,,,,,1.1829755620908384e-06,,,,,,,,1.1916394575657189e-06,5.8061725420294318e-07,1.1397862330919836e-06,,,,,,1.0916166569785688e-06,2.325845081273749e-06,,,1.1219837570411494e-06,,,2.8508221771158802e-06,2.0825512919367259e-06,,,,5.1476659453070783e-07,5.4940617433646842e-07,,,2.0873111831349433e-06,5.0910949621578912e-07,,1.0839344653222267e-06,1.453908906791354e-06,1.1095214134859e-06,,,9.56520408319432e-07,1.0165163577812294e-06,,,,,4.7407632154700585e-07,,9.2585520087585897e-07,,,,,,,,,,,4.7120534799221758e-07,1.2963992079865104e-06,,,,,,,,9.0606177982245718e-07,,,,,,,,,4.5129164180801875e-07,,8.7742657804073277e-07,,,,,,4.4153638767601296e-07,,,3.9519521655709881e-07,,3.6387016675805871e-07,,,,,,,,,,,3.8831603644268339e-07,,,,,,,3.3665068922495607e-07,,,,,,,,,,,,,,,,,,,,,,,,,,,,,,,,,,,,,,,,,,,,,,,,,,,,,,,,,,,,,,,,,,,,,,,,,,,,,,,,,,,,,,,,,,
zd6169,1995-6,2004-1,,,,,,,,,,,,,,,,,,,,,,,,,,,,,,,,,,,,,,,,,,,,,,,,,,,,,,,,,,,,,,,,,,,,,,,,,,,,,,,,,,,,,,,,,,,,,,,,,,,,,,,,,,,,,,,,,,,,,,,,,,,,,,,,,,,,,,,,,,,,,,,,,,,,,,,,,,,,,,,,,,,,,,,,,,,,,,,,,,,,,,,,,,,,,,,,,,,,,,,,,,,,,,,,,,,,,,,,,,,,,,,,,,,,,,,,,,2.03102116495,,2.02105115527,,,,,,,,,,2.08776993342,,,2.06602599876,,,,2.024883482,,,,,,,,,,,2.10631518931,,,,,,,,,,2.11608002501,,,,,,2.14075242721,,2.14869889795,,2.106074919,2.12013482039,2.13684837445,,,,,,,,,,,,,,,,,,,2.13649800641,,,,,,,2.20541782883,,,,,,,,2.199811817,,2.21369559138,,,,2.22284034234,2.22422780457,,,,,,,,,,2.21649244486,,,,,,,,,,,,,,,,,,,,,,,,,,,,,,,,,,,,,,,,,,,,,,,,,,,,,,,,,,,,,,,,,,,,,,,,,,,,,,,,,,,,,,,,,,,,,,,,,,,,,,,,,,,,,,,,,,,,,,,,,,,,,,,,,,,,,,,,,,,,,,,,,,,,,,,,,,,,,,,,,,,,,,,,,,,,,,,,,,,,,,,,,,,,,,,,,,,,,,,,,,,,,,,,,,,,,,,,,,,,,,,,,,,,,,,,,,,,,,,,,,,,,,,,,,,,,,,,,,,,,,,,,,,,,,,,,,,,,,,,,,,,,,,,,,,,,,,,,,,,,,,,,2.95960568809e-05,,9.8509257628e-06,,,,,,,,,,3.44369034844e-06,,,7.09384235701e-06,,1.80577040657e-06,,1.66842912418e-05,,,,,,,,,,,1.24871369549e-05,,,,,,,,,,6.25970607124e-06,,,,,,3.03606980416e-06,,7.33811923212e-06,,1.10360441593e-05,1.06651878161e-05,7.2501586568e-06,,,,,,,,,,1.47727472984e-06,,,,,,,,,1.39622877595e-05,,,,,,,1.10799098389e-05,,,,,,,,3.8263693814e-06,1.26265431447e-06,4.88199615666e-06,,,,2.46782720782e-06,2.45177717558e-06,,,,1.29088558229e-06,,,,,,8.58604611262e-06,,,,,,,,,,,,,,,,,,,,,,,,,,,,,,,,,,,,,,,,,,,,,,,,,,,,,,,,,,,,,,,,,,,,,,,,,,,,,,,,,,,,,,,,,,,,,,,,,,,,,,,,,,,,,,,,,,,,,,,,,,,,,,,,,,,,,,,,,,,,,,,,,,,,,,,,,,,,,,,,,,,,,,,,,,,,,,,,,,,,,,,,,,,,,,,,,,,,,,,,,,,,,,,,,,,,,,,,,,,,,,,,,,,,,,,,,,,,,,,,,,,,,,,,,,,,,,,,,,,,,,,,,,,,,,,,,,,,,,,,,,,,,,,,,,,,,,,,,,,,,,,,,8.3302051677469036e-06,,2.7726745162930671e-06,,,,,,,,,,9.692726045275693e-07,,,1.9966565985257688e-06,,5.0825817889061468e-07,,4.6960164214476465e-06,,,,,,,,,,,3.5146713364933156e-06,,,,,,,,,,1.7618778093692258e-06,,,,,,8.545423626558151e-07,,2.0654115848935798e-06,,3.1062419043570366e-06,3.0018594375030018e-06,2.0406539071380033e-06,,,,,,,,,,4.1579868690774674e-07,,,,,,,,,3.9298722162750158e-06,,,,,,,3.1185884852703866e-06,,,,,,,,1.0769827251970878e-06,3.5539090689717795e-07,1.3741029684059374e-06,,,,6.9460290073117379e-07,6.9008540496971906e-07,,,,3.6333697396981249e-07,,,,,,2.4166572589651943e-06,,,,,,,,,,,,,,,,,,,,,,,,,,,,,,,,,,,,,,,,,,,,,,,,,,,,,,,,,,,,,,,,,,,,,,,
